{
  "meta": {
    "schema_version": "1.0",
    "created": "2026-02-03",
    "updated": "2026-02-03",
    "author": "Claude",
    "status": "complete"
  },
  "identity": {
    "id": "bumblebee_millipede",
    "common_name": "Bumblebee Millipede",
    "scientific_name": "Anadenobolus monilicornis",
    "family": "Rhinocricidae",
    "category": "invertebrate",
    "subcategory": "millipede",
    "tier_unlock": 2,
    "difficulty": "easy",
    "price": 8,
    "rarity": "common",
    "description": "A small, strikingly colored millipede with bold yellow and black banding resembling a bumblebee. Hardy, communal, and excellent for bioactive setups where they serve as efficient decomposers.",
    "real_world_notes": "Native to the Caribbean (Jamaica, Barbados) but now naturalized in Florida. One of the most popular pet millipedes due to their colorful appearance, small size, and easy care. They feed primarily on decaying organic matter and are excellent cleanup crew members. Can secrete mildly irritating defensive fluids when stressed.",
    "warnings": ["defensive_secretions", "wash_hands_after_handling"]
  },
  "physical": {
    "size_adult_inches": 2.5,
    "size_juvenile_inches": 0.5,
    "size_min_inches": 2.0,
    "size_max_inches": 3.5,
    "growth_rate": "slow",
    "time_to_maturity_days": 730,
    "lifespan_years_min": 2,
    "lifespan_years_max": 10,
    "weight_grams": 5,
    "body_shape": "cylindrical",
    "body_description": "Elongated cylindrical body divided into many segments, each with two pairs of legs. Body is black/dark brown with bright yellow bands on each segment. Red/pink colored legs and antennae.",
    "colors_primary": ["black", "yellow"],
    "colors_secondary": ["red", "silver"],
    "pattern": "banded",
    "pattern_description": "Alternating black and bright yellow horizontal bands along entire body length. Yellow bands may fade to white/gray in Florida locale.",
    "sexual_dimorphism": true,
    "dimorphism_details": "Males have modified 7th segment legs (gonopods) which appear as a gap when viewed from the side. Females have uniform leg pairs throughout.",
    "morphs": ["caribbean", "florida"],
    "morph_details": {
      "caribbean": {"rarity": "common", "notes": "Bright yellow banding throughout"},
      "florida": {"rarity": "common", "notes": "Yellow fades to white/pale gray on posterior half"}
    }
  },
  "environment": {
    "environment_type": ["terrestrial"],
    "biome": "tropical_rainforest",
    "origin": "Caribbean (Jamaica, Barbados), naturalized in Florida",
    "min_enclosure_gallons": 5,
    "min_enclosure_tier": 2,
    "floor_space_sqft": 0.5,
    "height_requirement": "low",
    "vertical_space_needed": false,
    "substrate_type": ["leaf_litter", "rotting_wood", "coconut_fiber", "soil"],
    "substrate_depth_inches": 4,
    "water_feature_required": false,
    "water_feature_type": "none",
    "water_depth_inches": 0,
    "humidity_range_min": 60,
    "humidity_range_max": 80,
    "humidity_ideal": 70,
    "humidity_fatal_low": 40,
    "temperature_range_min_f": 65,
    "temperature_range_max_f": 80,
    "temperature_ideal_f": 72,
    "temperature_fatal_low_f": 55,
    "temperature_fatal_high_f": 90,
    "temperature_basking_f": null,
    "light_level": "low",
    "light_hours": 12,
    "uvb_required": false,
    "uvb_strength": 0,
    "air_flow": "low",
    "hides_required": 2,
    "climbing_surfaces": false,
    "plants_required": false,
    "plant_density": "sparse",
    "leaf_litter_required": true,
    "branches_required": false,
    "special_requirements": ["deep_substrate", "rotting_wood", "calcium_source"]
  },
  "water_parameters": null,
  "diet": {
    "diet_type": "detritivore",
    "diet_description": "Feeds on decaying organic matter including leaf litter, rotting wood, and decomposing plant material. Will also accept fruits and vegetables.",
    "food_items_primary": ["leaf_litter", "rotting_wood", "decaying_plants"],
    "food_items_secondary": ["cucumber", "carrot", "apple", "banana", "squash"],
    "food_items_treats": ["fish_flakes", "calcium_powder"],
    "food_items_toxic": ["citrus", "pesticide_treated_plants"],
    "food_size_max_inches": null,
    "food_size_ratio": null,
    "feeding_method": "grazer",
    "feeding_location": "ground",
    "feeding_time": "nocturnal",
    "meals_per_day": 0,
    "food_amount_description": "Continuous grazing on substrate. Supplement with fresh produce weekly.",
    "fasting_tolerance_days": 14,
    "starvation_days": 30,
    "hunger_rate_per_hour": 0.8,
    "satiation_threshold": 70,
    "requires_live_food": false,
    "accepts_frozen": false,
    "accepts_prepared": true,
    "gut_loading_beneficial": false,
    "supplements_required": ["calcium"],
    "supplement_frequency": "always_available",
    "hunting_style": "none",
    "hunting_success_rate": null,
    "stalking_distance_inches": null,
    "strike_distance_inches": null,
    "strike_method": null,
    "strike_speed_ms": null,
    "prey_detection_range_inches": null,
    "prey_detection_method": [],
    "will_eat_dead": true,
    "will_eat_own_species": false,
    "will_eat_eggs": false,
    "will_eat_young": false
  },
  "social": {
    "social_type": "colony",
    "social_description": "Highly communal species that thrives in groups. Not aggressive toward each other and can be kept in large colonies.",
    "min_group_size": 1,
    "max_group_size": 50,
    "ideal_group_size": 10,
    "sex_ratio": "1m:1f",
    "sex_ratio_flexible": true,
    "hierarchy_type": "none",
    "hierarchy_description": null,
    "can_house_same_sex": true,
    "same_sex_aggression": "none",
    "male_male_aggression": "none",
    "female_female_aggression": "none",
    "territorial": false,
    "territory_size_sqft": 0,
    "territory_type": "none",
    "territory_markers": [],
    "defends_territory_against": [],
    "territory_overlap_tolerance": 1.0,
    "schooling_behavior": false,
    "schooling_tightness": "none",
    "shoaling_minimum": null,
    "prefers_conspecifics": true,
    "stress_when_alone": false,
    "stress_when_crowded": false,
    "crowding_threshold": 100,
    "recognition_individual": false,
    "pair_bonding": false,
    "pair_bond_duration": null,
    "mourns_mate_death": false,
    "mourning_duration_days": 0,
    "alloparenting": false
  },
  "reproduction": {
    "reproduction_type": "egg_layer",
    "sexual_maturity_days": 547,
    "breeding_difficulty": "easy",
    "breeding_frequency": "year_round",
    "breeding_season": "year_round",
    "breeding_triggers": ["consistent_humidity", "adequate_food"],
    "breeding_trigger_details": "Breeds readily when kept in well-maintained colonies with deep substrate and proper humidity.",
    "courtship_behavior": false,
    "courtship_description": "Minimal courtship; males transfer sperm using modified gonopods",
    "courtship_duration_hours": 0,
    "courtship_initiator": "male",
    "mating_display": false,
    "mating_display_description": null,
    "mating_aggression": "none",
    "clutch_size_min": 20,
    "clutch_size_max": 100,
    "clutch_size_average": 50,
    "clutches_per_year": 2,
    "egg_location": "substrate",
    "egg_description": "Small eggs deposited in chambers within substrate",
    "egg_incubation_days": 60,
    "egg_incubation_temp_f": 75,
    "egg_care": "none",
    "egg_guarding": false,
    "larvae_stage": false,
    "larvae_type": null,
    "larvae_duration_days": null,
    "larvae_care": "none",
    "larvae_transport": false,
    "larvae_transport_description": null,
    "larvae_food": [],
    "larvae_cannibalistic": false,
    "metamorphosis": true,
    "metamorphosis_days": 0,
    "live_birth": false,
    "gestation_days": null,
    "parental_care_type": "none",
    "parental_care_duration_days": 0,
    "offspring_survival_rate": 0.6,
    "will_breed_in_captivity": true
  },
  "behavior": {
    "activity_pattern": "nocturnal",
    "active_hours_start": 18,
    "active_hours_end": 6,
    "activity_level": "low",
    "activity_description": "Spends most time burrowed in substrate. Emerges at night to feed and explore. Very calm and slow-moving.",
    "movement_style": "crawl",
    "movement_styles_all": ["crawl", "burrow"],
    "movement_speed_slow": 0.02,
    "movement_speed_normal": 0.05,
    "movement_speed_fast": 0.1,
    "can_climb": true,
    "climb_surfaces": ["rough_surfaces", "cork_bark"],
    "can_swim": false,
    "swim_ability": "none",
    "can_jump": false,
    "jump_height_inches": 0,
    "jump_distance_inches": 0,
    "can_burrow": true,
    "burrow_depth_inches": 4,
    "can_fly": false,
    "can_glide": false,
    "arboreal": false,
    "terrestrial": true,
    "aquatic": false,
    "fossorial": true,
    "preferred_zone": "ground",
    "zone_usage": {"substrate": 70, "ground": 25, "low": 5},
    "time_in_water_percent": 0,
    "basking_behavior": false,
    "basking_duration_hours": 0,
    "hiding_behavior": "frequent",
    "time_hidden_percent": 70,
    "hide_triggers": ["daylight", "disturbance"],
    "preferred_hides": ["substrate", "leaf_litter", "bark"],
    "sleep_location": "burrow",
    "sleep_position": "curled_in_substrate",
    "sleep_duration_hours": 12,
    "exploration_tendency": "low",
    "curiosity_level": "low",
    "investigates_new_objects": false,
    "boldness_baseline": "cautious",
    "intelligence_level": "instinct_only",
    "can_learn": false,
    "learning_examples": [],
    "recognizes_keeper": false,
    "trainable": false,
    "plays": false
  },
  "stress": {
    "stress_baseline": 15,
    "stress_threshold_low": 30,
    "stress_threshold_high": 60,
    "stress_fatal_threshold": 85,
    "stress_recovery_rate": 4.0,
    "stress_indicators_visual": ["curling", "secretions", "not_eating"],
    "stress_indicators_behavioral": ["excessive_wandering", "surface_dwelling"],
    "stress_sources": {
      "low_humidity": {"threshold": 50, "stress_per_hour": 5},
      "high_temperature": {"threshold": 85, "stress_per_hour": 4},
      "low_temperature": {"threshold": 60, "stress_per_hour": 3},
      "no_substrate": {"stress_per_hour": 8},
      "handling": {"stress_per_hour": 4, "duration_hours": 2},
      "bright_light": {"stress_per_hour": 2}
    },
    "hardiness": "hardy",
    "disease_susceptibility": "low",
    "common_diseases": ["mite_infestation", "dehydration"],
    "disease_symptoms": {
      "mite_infestation": ["visible_mites", "lethargy"],
      "dehydration": ["shriveled_appearance", "inactivity"]
    },
    "quarantine_recommended": false,
    "quarantine_duration_days": 0,
    "acclimation_time_hours": 2,
    "acclimation_method": "direct_introduction",
    "drip_acclimate": false,
    "sensitive_to_chemicals": true,
    "chemical_sensitivities": ["pesticides", "chlorine"],
    "molting": true,
    "molt_frequency_days": 60,
    "molt_signs": ["pale_color", "inactivity", "buried_behavior"],
    "molt_vulnerability": true,
    "molt_vulnerability_hours": 24,
    "regeneration": true,
    "regenerates_parts": ["legs", "antennae"],
    "venomous": false,
    "venom_potency": "none",
    "venom_delivery": "none",
    "venom_effects": [],
    "poisonous": true,
    "poison_potency": "mild",
    "poison_notes": "Secretes benzoquinones from ozopores when stressed. Can stain skin and cause irritation. Always wash hands after handling.",
    "dangerous_to_humans": false,
    "hp_max": 100,
    "hp_regeneration_per_hour": 4
  },
  "personality_ranges": {
    "boldness_min": 0.2,
    "boldness_max": 0.4,
    "boldness_default": 0.3,
    "aggression_min": 0.0,
    "aggression_max": 0.05,
    "aggression_default": 0.02,
    "activity_min": 0.15,
    "activity_max": 0.35,
    "activity_default": 0.25,
    "curiosity_min": 0.1,
    "curiosity_max": 0.25,
    "curiosity_default": 0.15
  },
  "compatibility": [
    {
      "target_species_id": "bumblebee_millipede",
      "target_species_name": "Bumblebee Millipede",
      "interaction_type": "neutral",
      "relationship_description": "Highly communal, thrives in groups",
      "can_cohabitate": true,
      "cohabitation_risk": "none",
      "cohabitation_notes": "Excellent colony species, no aggression",
      "is_predator": false,
      "is_prey": false,
      "prey_preference": "none",
      "predation_rate": 0,
      "will_attack": false,
      "will_kill": false,
      "attack_triggers": [],
      "avoidance_distance_inches": 0,
      "competition_for": [],
      "aggression_level": "none",
      "symbiosis_type": null,
      "symbiosis_benefits_received": [],
      "symbiosis_benefits_provided": []
    },
    {
      "target_species_id": "springtails",
      "target_species_name": "Springtails",
      "interaction_type": "neutral",
      "relationship_description": "Coexist peacefully, both serve as cleanup crew",
      "can_cohabitate": true,
      "cohabitation_risk": "none",
      "cohabitation_notes": "Complementary cleanup roles",
      "is_predator": false,
      "is_prey": false,
      "prey_preference": "none",
      "predation_rate": 0,
      "will_attack": false,
      "will_kill": false,
      "attack_triggers": [],
      "avoidance_distance_inches": 0,
      "competition_for": ["detritus"],
      "aggression_level": "none",
      "symbiosis_type": "commensal",
      "symbiosis_benefits_received": [],
      "symbiosis_benefits_provided": []
    },
    {
      "target_species_id": "dwarf_white_isopods",
      "target_species_name": "Dwarf White Isopods",
      "interaction_type": "neutral",
      "relationship_description": "Both decomposers, coexist well",
      "can_cohabitate": true,
      "cohabitation_risk": "none",
      "cohabitation_notes": "Good bioactive combo",
      "is_predator": false,
      "is_prey": false,
      "prey_preference": "none",
      "predation_rate": 0,
      "will_attack": false,
      "will_kill": false,
      "attack_triggers": [],
      "avoidance_distance_inches": 0,
      "competition_for": ["detritus"],
      "aggression_level": "none",
      "symbiosis_type": "commensal",
      "symbiosis_benefits_received": [],
      "symbiosis_benefits_provided": []
    }
  ],
  "aggression": {
    "aggression_baseline": "peaceful",
    "aggression_same_species": "none",
    "aggression_similar_species": "none",
    "aggression_dissimilar_species": "none",
    "triggers_aggression": [],
    "attack_damage": 0,
    "attack_speed": 0,
    "attack_range_inches": 0,
    "attack_method": "none",
    "attack_description": "Cannot attack; completely harmless",
    "defense_method": ["curl", "secretions"],
    "defense_description": "Curls into tight spiral when threatened, may release defensive benzoquinone secretions",
    "threat_display": false,
    "threat_display_description": null,
    "retreats_when_outmatched": true,
    "retreat_health_threshold": 1.0,
    "fights_to_death": false,
    "armor": 0.3
  },
  "communication": {
    "vocalizes": false,
    "vocalization_types": [],
    "vocalization_descriptions": {},
    "vocalization_volume": "silent",
    "call_frequency": null,
    "call_time": null,
    "call_triggers": [],
    "call_attracts": [],
    "visual_signals": [],
    "visual_signal_descriptions": {},
    "chemical_signals": true,
    "pheromone_types": ["sex_pheromone", "alarm_pheromone"],
    "tactile_signals": ["antennae_contact"],
    "electric_signals": false
  },
  "special_abilities": [
    {
      "ability_id": "chemical_defense",
      "ability_name": "Benzoquinone Secretion",
      "description": "Releases defensive chemicals from ozopores when stressed that can stain and irritate",
      "effect": "predator_deterrent"
    },
    {
      "ability_id": "efficient_decomposer",
      "ability_name": "Efficient Decomposer",
      "description": "Breaks down decaying organic matter, enriching soil and preventing mold/bacteria buildup",
      "effect": "habitat_maintenance"
    },
    {
      "ability_id": "limb_regeneration",
      "ability_name": "Limb Regeneration",
      "description": "Can regenerate lost legs and antennae over successive molts",
      "effect": "regrow_limbs"
    }
  ],
  "animations": {
    "animation_rig_type": "invertebrate_multi_leg",
    "animations_idle": ["antennae_wave", "stillness", "leg_grooming"],
    "animations_locomotion": ["crawl", "burrow"],
    "animations_feeding": ["mandible_chew", "substrate_consume"],
    "animations_hunting": [],
    "animations_social": [],
    "animations_combat": [],
    "animations_stress": ["curl_defense", "secretion_release"],
    "animations_rest": ["curled", "buried"],
    "animations_reproduction": [],
    "animations_special": ["wave_motion_walking"],
    "animations_death": ["uncurl", "still", "pale"],
    "animation_notes": "Characteristic wave-like leg motion when walking. Many leg pairs move in coordinated ripples. Curls tightly when disturbed.",
    "sound_effects": ["substrate_rustle"],
    "particle_effects": []
  },
  "category_specific": {
    "invert_type": "arthropod",
    "molts": true,
    "molt_frequency_days": 60,
    "molt_vulnerability_hours": 24,
    "eats_own_molt": true,
    "exoskeleton": true,
    "needs_shells": false,
    "shell_fighting": false,
    "segments": 40,
    "legs": 80,
    "claws": false,
    "antennae": true,
    "limb_regeneration": true,
    "regeneration_molts": 2,
    "filter_feeder": false,
    "detritivore": true,
    "algae_eater": false,
    "algae_types_eaten": [],
    "cleanup_crew_rating": "excellent",
    "reef_safe_invert": false
  }
}
