{
  "meta": {
    "schema_version": "1.0",
    "created": "2026-02-03",
    "updated": "2026-02-03",
    "author": "Claude",
    "status": "complete"
  },
  "identity": {
    "id": "dead_leaf_mantis",
    "common_name": "Dead Leaf Mantis",
    "scientific_name": "Deroplatys desiccata",
    "family": "Deroplatyidae",
    "category": "invertebrate",
    "subcategory": "mantis",
    "tier_unlock": 2,
    "difficulty": "medium",
    "price": 45,
    "rarity": "uncommon",
    "description": "A large, impressive mantis with an enormous shield-shaped prothorax that perfectly mimics a crumpled dead leaf. Features an elaborate deimatic threat display showing hidden wing patterns.",
    "real_world_notes": "Native to Malaysia, Indonesia, and the Philippines. One of the largest cryptic mantises kept in captivity. Famous for 'playing dead' when threatened - will drop to ground motionless with legs folded. The giant shield-shaped thorax can make molting challenging.",
    "warnings": ["molting_difficulty"]
  },
  "physical": {
    "size_adult_inches": 3.5,
    "size_juvenile_inches": 0.5,
    "size_min_inches": 3.0,
    "size_max_inches": 4.0,
    "growth_rate": "medium",
    "time_to_maturity_days": 210,
    "lifespan_years_min": 0.5,
    "lifespan_years_max": 1.0,
    "weight_grams": 8,
    "body_shape": "flat",
    "body_description": "Large, flat body dominated by an enormous shield-shaped prothorax with crumpled, leaf-like edges. Body covered in textures and patterns mimicking dried, decaying leaves.",
    "colors_primary": ["brown"],
    "colors_secondary": ["tan", "dark_brown", "yellow"],
    "pattern": "mottled",
    "pattern_description": "Varying shades of brown with darker and lighter patches mimicking decay patterns on dead leaves",
    "sexual_dimorphism": true,
    "dimorphism_details": "Females larger (up to 10cm/4in) and bulkier with sharply pointed prothorax edges. Males smaller (8cm/3in), slimmer, more yellowish, with rounder prothorax edges. Males have 8 abdominal segments, females have 6.",
    "morphs": ["light_brown", "dark_brown", "mid_brown"],
    "morph_details": {
      "light_brown": {"rarity": "common", "notes": "Tan/light brown coloration"},
      "dark_brown": {"rarity": "common", "notes": "Dark brown, nearly black"},
      "mid_brown": {"rarity": "common", "notes": "Medium brown standard"}
    }
  },
  "environment": {
    "environment_type": ["terrestrial"],
    "biome": "tropical_rainforest",
    "origin": "Southeast Asia (Malaysia, Indonesia, Philippines)",
    "min_enclosure_gallons": 5,
    "min_enclosure_tier": 2,
    "floor_space_sqft": 0.5,
    "height_requirement": "high",
    "vertical_space_needed": true,
    "substrate_type": ["coconut_fiber", "soil_sand_mix", "moss"],
    "substrate_depth_inches": 2,
    "water_feature_required": false,
    "water_feature_type": "none",
    "water_depth_inches": 0,
    "humidity_range_min": 50,
    "humidity_range_max": 80,
    "humidity_ideal": 70,
    "humidity_fatal_low": 30,
    "temperature_range_min_f": 70,
    "temperature_range_max_f": 95,
    "temperature_ideal_f": 79,
    "temperature_fatal_low_f": 60,
    "temperature_fatal_high_f": 100,
    "temperature_basking_f": null,
    "light_level": "medium",
    "light_hours": 12,
    "uvb_required": false,
    "uvb_strength": 0,
    "air_flow": "medium",
    "hides_required": 0,
    "climbing_surfaces": true,
    "plants_required": false,
    "plant_density": "sparse",
    "leaf_litter_required": true,
    "branches_required": true,
    "special_requirements": ["tall_enclosure_for_molting", "high_humidity_during_molt", "dead_leaves_decoration"]
  },
  "water_parameters": null,
  "diet": {
    "diet_type": "carnivore",
    "diet_description": "Voracious ambush predator with no strong prey preferences. Eats almost any appropriately-sized insect.",
    "food_items_primary": ["crickets", "roaches", "flies"],
    "food_items_secondary": ["moths", "mealworms", "wax_worms", "locusts"],
    "food_items_treats": ["large_moths"],
    "food_items_toxic": ["fireflies", "venomous_insects"],
    "food_size_max_inches": 1.2,
    "food_size_ratio": 0.33,
    "feeding_method": "ambush",
    "feeding_location": "elevated",
    "feeding_time": "diurnal",
    "meals_per_day": 0.3,
    "food_amount_description": "Large prey infrequently - better than many small prey items. Feed every 3-4 days.",
    "fasting_tolerance_days": 21,
    "starvation_days": 40,
    "hunger_rate_per_hour": 0.8,
    "satiation_threshold": 50,
    "requires_live_food": true,
    "accepts_frozen": false,
    "accepts_prepared": false,
    "gut_loading_beneficial": true,
    "supplements_required": [],
    "supplement_frequency": null,
    "hunting_style": "ambush",
    "hunting_success_rate": 0.85,
    "stalking_distance_inches": 0,
    "strike_distance_inches": 3.0,
    "strike_method": "raptorial_grab",
    "strike_speed_ms": 40,
    "prey_detection_range_inches": 12,
    "prey_detection_method": ["vision", "movement"],
    "will_eat_dead": false,
    "will_eat_own_species": true,
    "will_eat_eggs": false,
    "will_eat_young": true
  },
  "social": {
    "social_type": "solitary",
    "social_description": "Should be housed individually. Will cannibalize cage mates.",
    "min_group_size": 1,
    "max_group_size": 1,
    "ideal_group_size": 1,
    "sex_ratio": null,
    "sex_ratio_flexible": false,
    "hierarchy_type": "none",
    "hierarchy_description": null,
    "can_house_same_sex": false,
    "same_sex_aggression": "high",
    "male_male_aggression": "high",
    "female_female_aggression": "high",
    "territorial": true,
    "territory_size_sqft": 0.5,
    "territory_type": "permanent",
    "territory_markers": [],
    "defends_territory_against": ["same_species"],
    "territory_overlap_tolerance": 0,
    "schooling_behavior": false,
    "schooling_tightness": "none",
    "shoaling_minimum": null,
    "prefers_conspecifics": false,
    "stress_when_alone": false,
    "stress_when_crowded": true,
    "crowding_threshold": 2,
    "recognition_individual": false,
    "pair_bonding": false,
    "pair_bond_duration": null,
    "mourns_mate_death": false,
    "mourning_duration_days": 0,
    "alloparenting": false
  },
  "reproduction": {
    "reproduction_type": "egg_layer",
    "sexual_maturity_days": 210,
    "breeding_difficulty": "medium",
    "breeding_frequency": "multiple_per_year",
    "breeding_season": "year_round",
    "breeding_triggers": ["maturity", "male_presence", "well_fed_female"],
    "breeding_trigger_details": "Ready 4-5 weeks after final molt. Female MUST be well-fed to reduce cannibalism risk.",
    "courtship_behavior": true,
    "courtship_description": "Male approaches very cautiously. Female must be distracted with food during introduction.",
    "courtship_duration_hours": 6,
    "courtship_initiator": "male",
    "mating_display": false,
    "mating_display_description": null,
    "mating_aggression": "high",
    "clutch_size_min": 10,
    "clutch_size_max": 300,
    "clutch_size_average": 80,
    "clutches_per_year": 6,
    "egg_location": "branch",
    "egg_description": "Foamy ootheca attached to twigs or branches",
    "egg_incubation_days": 42,
    "egg_incubation_temp_f": 80,
    "egg_care": "none",
    "egg_guarding": false,
    "larvae_stage": false,
    "larvae_type": null,
    "larvae_duration_days": null,
    "larvae_care": "none",
    "larvae_transport": false,
    "larvae_transport_description": null,
    "larvae_food": [],
    "larvae_cannibalistic": false,
    "metamorphosis": true,
    "metamorphosis_days": 0,
    "live_birth": false,
    "gestation_days": null,
    "parental_care_type": "none",
    "parental_care_duration_days": 0,
    "offspring_survival_rate": 0.5,
    "will_breed_in_captivity": true
  },
  "behavior": {
    "activity_pattern": "diurnal",
    "active_hours_start": 6,
    "active_hours_end": 20,
    "activity_level": "low",
    "activity_description": "Patient ambush predator. Waits motionless on branches, often just inches above substrate, facing downward waiting for prey.",
    "movement_style": "walk",
    "movement_styles_all": ["walk", "climb", "fly"],
    "movement_speed_slow": 0.05,
    "movement_speed_normal": 0.15,
    "movement_speed_fast": 0.5,
    "can_climb": true,
    "climb_surfaces": ["mesh", "branches", "bark", "cork"],
    "can_swim": false,
    "swim_ability": "none",
    "can_jump": false,
    "jump_height_inches": 0,
    "jump_distance_inches": 0,
    "can_burrow": false,
    "burrow_depth_inches": 0,
    "can_fly": true,
    "can_glide": false,
    "arboreal": true,
    "terrestrial": false,
    "aquatic": false,
    "fossorial": false,
    "preferred_zone": "low",
    "zone_usage": {"ground": 10, "low": 50, "mid": 30, "high": 10},
    "time_in_water_percent": 0,
    "basking_behavior": false,
    "basking_duration_hours": 0,
    "hiding_behavior": "none",
    "time_hidden_percent": 0,
    "hide_triggers": [],
    "preferred_hides": [],
    "sleep_location": "branch",
    "sleep_position": "hanging_head_down",
    "sleep_duration_hours": 10,
    "exploration_tendency": "low",
    "curiosity_level": "low",
    "investigates_new_objects": false,
    "boldness_baseline": "cautious",
    "intelligence_level": "low",
    "can_learn": true,
    "learning_examples": ["feeding_response"],
    "recognizes_keeper": false,
    "trainable": false,
    "plays": false
  },
  "stress": {
    "stress_baseline": 20,
    "stress_threshold_low": 40,
    "stress_threshold_high": 70,
    "stress_fatal_threshold": 90,
    "stress_recovery_rate": 3.0,
    "stress_indicators_visual": ["playing_dead", "fleeing", "deimatic_display"],
    "stress_indicators_behavioral": ["refusing_food", "death_feigning"],
    "stress_sources": {
      "low_humidity": {"threshold": 40, "stress_per_hour": 5},
      "high_temperature": {"threshold": 95, "stress_per_hour": 6},
      "low_temperature": {"threshold": 65, "stress_per_hour": 5},
      "no_food_14d": {"stress_per_hour": 3},
      "handling": {"stress_per_hour": 8, "duration_hours": 2},
      "large_prey": {"stress_per_hour": 4, "duration_hours": 1},
      "enclosure_too_small": {"stress_per_hour": 3}
    },
    "hardiness": "moderate",
    "disease_susceptibility": "medium",
    "common_diseases": ["failed_molt"],
    "disease_symptoms": {
      "failed_molt": ["stuck_exoskeleton", "deformed_shield", "bent_limbs"]
    },
    "quarantine_recommended": false,
    "quarantine_duration_days": 0,
    "acclimation_time_hours": 4,
    "acclimation_method": "gradual_introduction",
    "drip_acclimate": false,
    "sensitive_to_chemicals": true,
    "chemical_sensitivities": ["pesticides", "chlorine"],
    "molting": true,
    "molt_frequency_days": 25,
    "molt_signs": ["not_eating", "dull_color", "hanging_still"],
    "molt_vulnerability": true,
    "molt_vulnerability_hours": 72,
    "regeneration": true,
    "regenerates_parts": ["legs", "antennae"],
    "venomous": false,
    "venom_potency": "none",
    "venom_delivery": "none",
    "venom_effects": [],
    "poisonous": false,
    "poison_potency": "none",
    "poison_notes": null,
    "dangerous_to_humans": false,
    "hp_max": 100,
    "hp_regeneration_per_hour": 3
  },
  "personality_ranges": {
    "boldness_min": 0.2,
    "boldness_max": 0.5,
    "boldness_default": 0.35,
    "aggression_min": 0.4,
    "aggression_max": 0.7,
    "aggression_default": 0.55,
    "activity_min": 0.1,
    "activity_max": 0.4,
    "activity_default": 0.25,
    "curiosity_min": 0.1,
    "curiosity_max": 0.3,
    "curiosity_default": 0.2
  },
  "compatibility": [
    {
      "target_species_id": "dead_leaf_mantis",
      "target_species_name": "Dead Leaf Mantis",
      "interaction_type": "aggressive",
      "relationship_description": "Highly cannibalistic - will eat cage mates",
      "can_cohabitate": false,
      "cohabitation_risk": "extreme",
      "cohabitation_notes": "Must be housed individually",
      "is_predator": true,
      "is_prey": true,
      "prey_preference": "medium",
      "predation_rate": 0.8,
      "will_attack": true,
      "will_kill": true,
      "attack_triggers": ["proximity", "hunger", "size_difference"],
      "avoidance_distance_inches": 0,
      "competition_for": ["space", "food"],
      "aggression_level": "high",
      "symbiosis_type": null,
      "symbiosis_benefits_received": [],
      "symbiosis_benefits_provided": []
    },
    {
      "target_species_id": "crickets",
      "target_species_name": "Crickets",
      "interaction_type": "predator",
      "relationship_description": "Common food source",
      "can_cohabitate": true,
      "cohabitation_risk": "none",
      "cohabitation_notes": "Food item",
      "is_predator": true,
      "is_prey": false,
      "prey_preference": "high",
      "predation_rate": 0.95,
      "will_attack": true,
      "will_kill": true,
      "attack_triggers": ["movement", "proximity"],
      "avoidance_distance_inches": 0,
      "competition_for": [],
      "aggression_level": "high",
      "symbiosis_type": null,
      "symbiosis_benefits_received": [],
      "symbiosis_benefits_provided": []
    }
  ],
  "aggression": {
    "aggression_baseline": "semi_aggressive",
    "aggression_same_species": "high",
    "aggression_similar_species": "high",
    "aggression_dissimilar_species": "medium",
    "triggers_aggression": ["hunger", "prey_movement", "proximity"],
    "attack_damage": 25,
    "attack_speed": 0.95,
    "attack_range_inches": 3,
    "attack_method": "raptorial_grab",
    "attack_description": "Extremely fast strike with powerful spiked forelegs",
    "defense_method": ["freeze", "camouflage", "death_feign", "deimatic_display"],
    "defense_description": "Primary defense is death-feigning - drops to ground motionless. If cornered, displays dramatic threat posture with wings spread.",
    "threat_display": true,
    "threat_display_description": "Wings spread showing large black spots on forewings and black/white striped hindwings. Forelegs raised showing red areas with zebra pattern.",
    "retreats_when_outmatched": true,
    "retreat_health_threshold": 0.6,
    "fights_to_death": false,
    "armor": 0.1
  },
  "communication": {
    "vocalizes": false,
    "vocalization_types": [],
    "vocalization_descriptions": {},
    "vocalization_volume": "silent",
    "call_frequency": null,
    "call_time": null,
    "call_triggers": [],
    "call_attracts": [],
    "visual_signals": ["deimatic_display", "death_feign"],
    "visual_signal_descriptions": {
      "deimatic_display": "Wings spread revealing hidden warning colors to startle predators",
      "death_feign": "Drops motionless with legs folded to appear like dead leaf"
    },
    "chemical_signals": true,
    "pheromone_types": ["sex_pheromone"],
    "tactile_signals": ["antennae_contact"],
    "electric_signals": false
  },
  "special_abilities": [
    {
      "ability_id": "dead_leaf_camouflage",
      "ability_name": "Dead Leaf Mimicry",
      "description": "Massive shield-shaped prothorax and body patterns perfectly mimic crumpled dead leaves",
      "effect": "excellent_camouflage"
    },
    {
      "ability_id": "death_feign",
      "ability_name": "Death Feigning (Thanatosis)",
      "description": "When threatened, drops to ground motionless with legs folded, appearing as fallen dead leaf",
      "effect": "predator_evasion"
    },
    {
      "ability_id": "deimatic_display",
      "ability_name": "Deimatic Display",
      "description": "Sudden wing spread reveals hidden warning colors - black spots, stripes, and red markings",
      "effect": "startle_predators"
    }
  ],
  "animations": {
    "animation_rig_type": "invertebrate_multi_leg",
    "animations_idle": ["stillness", "head_track", "slight_sway"],
    "animations_locomotion": ["slow_walk", "climb", "fly"],
    "animations_feeding": ["strike", "grab", "chew"],
    "animations_hunting": ["freeze", "head_track", "strike"],
    "animations_social": [],
    "animations_combat": ["grab", "deimatic_display"],
    "animations_stress": ["death_feign", "deimatic_display", "flee"],
    "animations_rest": ["hang_head_down", "stillness"],
    "animations_reproduction": ["cautious_approach", "mount", "ootheca_laying"],
    "animations_special": ["death_feign", "wing_flash_display"],
    "animations_death": ["fall", "curl", "still"],
    "animation_notes": "Death feigning animation is unique - falls to ground, legs fold close to body. Deimatic display is dramatic wing spread revealing hidden colors.",
    "sound_effects": ["wing_rustle"],
    "particle_effects": []
  },
  "category_specific": {
    "invert_type": "arthropod",
    "molts": true,
    "molt_frequency_days": 25,
    "molt_vulnerability_hours": 72,
    "eats_own_molt": false,
    "exoskeleton": true,
    "needs_shells": false,
    "shell_fighting": false,
    "segments": 3,
    "legs": 6,
    "claws": false,
    "antennae": true,
    "limb_regeneration": true,
    "regeneration_molts": 2,
    "filter_feeder": false,
    "detritivore": false,
    "algae_eater": false,
    "algae_types_eaten": [],
    "cleanup_crew_rating": "none",
    "reef_safe_invert": false
  }
}
