{
  "meta": {
    "schema_version": "1.0",
    "created": "2026-02-03",
    "updated": "2026-02-03",
    "author": "Claude",
    "status": "complete"
  },
  "identity": {
    "id": "ghost_mantis",
    "common_name": "Ghost Mantis",
    "scientific_name": "Phyllocrania paradoxa",
    "family": "Hymenopodidae",
    "category": "invertebrate",
    "subcategory": "mantis",
    "tier_unlock": 2,
    "difficulty": "easy",
    "price": 25,
    "rarity": "common",
    "description": "A small, cryptic mantis that mimics withered dead leaves with remarkable precision. Features a distinctive asymmetrical cone-shaped crest on its head and lobed body parts that perfectly resemble dried foliage.",
    "real_world_notes": "Native to sub-Saharan Africa and Madagascar. One of the most popular pet mantis species due to ease of care. Unique among mantises for being able to be kept communally with low cannibalism risk. Color varies with humidity - greener in humid conditions, browner in dry.",
    "warnings": []
  },
  "physical": {
    "size_adult_inches": 2.0,
    "size_juvenile_inches": 0.4,
    "size_min_inches": 1.5,
    "size_max_inches": 2.5,
    "growth_rate": "slow",
    "time_to_maturity_days": 150,
    "lifespan_years_min": 0.6,
    "lifespan_years_max": 1.0,
    "weight_grams": 1.5,
    "body_shape": "elongated",
    "body_description": "Slender body covered with leaf-like decorations. Distinctive asymmetrical cone/crest on head. Lobed legs and prothorax. Body texture mimics dried, withered leaves.",
    "colors_primary": ["brown", "tan"],
    "colors_secondary": ["green", "grey", "black"],
    "pattern": "mottled",
    "pattern_description": "Varied brown tones with lighter and darker patches mimicking dried leaf coloration",
    "sexual_dimorphism": true,
    "dimorphism_details": "Both sexes similar size (~5cm). Males have much longer feathery antennae, longer transparent wing cases, and slimmer bodies. Females have 6 abdominal segments, males have 8.",
    "morphs": ["brown", "green", "tan", "dark_brown", "grey"],
    "morph_details": {
      "brown": {"rarity": "common", "notes": "Most common coloration"},
      "green": {"rarity": "uncommon", "notes": "Develops in higher humidity environments"},
      "tan": {"rarity": "common", "notes": "Light brown variant"},
      "dark_brown": {"rarity": "uncommon", "notes": "Nearly black coloration"},
      "grey": {"rarity": "uncommon", "notes": "Greyish tones"}
    }
  },
  "environment": {
    "environment_type": ["terrestrial"],
    "biome": "dry_savanna",
    "origin": "Sub-Saharan Africa, Madagascar",
    "min_enclosure_gallons": 2,
    "min_enclosure_tier": 2,
    "floor_space_sqft": 0.25,
    "height_requirement": "medium",
    "vertical_space_needed": true,
    "substrate_type": ["paper_towel", "coconut_fiber", "soil"],
    "substrate_depth_inches": 1,
    "water_feature_required": false,
    "water_feature_type": "none",
    "water_depth_inches": 0,
    "humidity_range_min": 40,
    "humidity_range_max": 70,
    "humidity_ideal": 55,
    "humidity_fatal_low": 20,
    "temperature_range_min_f": 65,
    "temperature_range_max_f": 85,
    "temperature_ideal_f": 79,
    "temperature_fatal_low_f": 55,
    "temperature_fatal_high_f": 95,
    "temperature_basking_f": null,
    "light_level": "medium",
    "light_hours": 12,
    "uvb_required": false,
    "uvb_strength": 0,
    "air_flow": "medium",
    "hides_required": 0,
    "climbing_surfaces": true,
    "plants_required": false,
    "plant_density": "sparse",
    "leaf_litter_required": true,
    "branches_required": true,
    "special_requirements": ["mesh_ceiling_for_molting", "dead_leaves_for_camouflage"]
  },
  "water_parameters": null,
  "diet": {
    "diet_type": "carnivore",
    "diet_description": "Ambush predator specializing in flying insects. Prefers flies over crawling prey.",
    "food_items_primary": ["fruit_flies", "house_flies", "blue_bottle_flies"],
    "food_items_secondary": ["moths", "small_crickets"],
    "food_items_treats": ["wax_moths"],
    "food_items_toxic": ["fireflies", "venomous_insects"],
    "food_size_max_inches": 1.0,
    "food_size_ratio": 0.5,
    "feeding_method": "ambush",
    "feeding_location": "elevated",
    "feeding_time": "diurnal",
    "meals_per_day": 0.5,
    "food_amount_description": "2-3 appropriately sized flies every 2-3 days. Adults eat sparingly.",
    "fasting_tolerance_days": 35,
    "starvation_days": 50,
    "hunger_rate_per_hour": 0.5,
    "satiation_threshold": 30,
    "requires_live_food": true,
    "accepts_frozen": false,
    "accepts_prepared": false,
    "gut_loading_beneficial": true,
    "supplements_required": [],
    "supplement_frequency": null,
    "hunting_style": "sit_wait",
    "hunting_success_rate": 0.7,
    "stalking_distance_inches": 0,
    "strike_distance_inches": 2.0,
    "strike_method": "raptorial_grab",
    "strike_speed_ms": 50,
    "prey_detection_range_inches": 8,
    "prey_detection_method": ["vision", "movement"],
    "will_eat_dead": false,
    "will_eat_own_species": true,
    "will_eat_eggs": false,
    "will_eat_young": true
  },
  "social": {
    "social_type": "loose_group",
    "social_description": "Unique among mantises - can be kept communally with relatively low cannibalism risk when well-fed and similar-sized.",
    "min_group_size": 1,
    "max_group_size": 10,
    "ideal_group_size": 3,
    "sex_ratio": "any",
    "sex_ratio_flexible": true,
    "hierarchy_type": "none",
    "hierarchy_description": null,
    "can_house_same_sex": true,
    "same_sex_aggression": "low",
    "male_male_aggression": "low",
    "female_female_aggression": "low",
    "territorial": false,
    "territory_size_sqft": 0,
    "territory_type": "none",
    "territory_markers": [],
    "defends_territory_against": [],
    "territory_overlap_tolerance": 1.0,
    "schooling_behavior": false,
    "schooling_tightness": "none",
    "shoaling_minimum": null,
    "prefers_conspecifics": false,
    "stress_when_alone": false,
    "stress_when_crowded": true,
    "crowding_threshold": 15,
    "recognition_individual": false,
    "pair_bonding": false,
    "pair_bond_duration": null,
    "mourns_mate_death": false,
    "mourning_duration_days": 0,
    "alloparenting": false
  },
  "reproduction": {
    "reproduction_type": "egg_layer",
    "sexual_maturity_days": 150,
    "breeding_difficulty": "easy",
    "breeding_frequency": "multiple_per_year",
    "breeding_season": "year_round",
    "breeding_triggers": ["maturity", "male_presence"],
    "breeding_trigger_details": "Ready to mate 2-3 weeks after final molt. Female must be well-fed.",
    "courtship_behavior": true,
    "courtship_description": "Male approaches cautiously, may sit on female for hours before mating attempt",
    "courtship_duration_hours": 4,
    "courtship_initiator": "male",
    "mating_display": false,
    "mating_display_description": null,
    "mating_aggression": "low",
    "clutch_size_min": 20,
    "clutch_size_max": 60,
    "clutch_size_average": 40,
    "clutches_per_year": 6,
    "egg_location": "branch",
    "egg_description": "Foamy ootheca attached to twigs, branches, or enclosure walls",
    "egg_incubation_days": 28,
    "egg_incubation_temp_f": 82,
    "egg_care": "none",
    "egg_guarding": false,
    "larvae_stage": false,
    "larvae_type": null,
    "larvae_duration_days": null,
    "larvae_care": "none",
    "larvae_transport": false,
    "larvae_transport_description": null,
    "larvae_food": [],
    "larvae_cannibalistic": false,
    "metamorphosis": true,
    "metamorphosis_days": 0,
    "live_birth": false,
    "gestation_days": null,
    "parental_care_type": "none",
    "parental_care_duration_days": 0,
    "offspring_survival_rate": 0.6,
    "will_breed_in_captivity": true
  },
  "behavior": {
    "activity_pattern": "diurnal",
    "active_hours_start": 6,
    "active_hours_end": 20,
    "activity_level": "low",
    "activity_description": "Classic sit-and-wait predator. Hangs upside down from branches awaiting prey. Very patient and rarely chases food.",
    "movement_style": "walk",
    "movement_styles_all": ["walk", "climb", "fly"],
    "movement_speed_slow": 0.05,
    "movement_speed_normal": 0.1,
    "movement_speed_fast": 0.4,
    "can_climb": true,
    "climb_surfaces": ["mesh", "branches", "bark", "plants"],
    "can_swim": false,
    "swim_ability": "none",
    "can_jump": false,
    "jump_height_inches": 0,
    "jump_distance_inches": 0,
    "can_burrow": false,
    "burrow_depth_inches": 0,
    "can_fly": true,
    "can_glide": false,
    "arboreal": true,
    "terrestrial": false,
    "aquatic": false,
    "fossorial": false,
    "preferred_zone": "high",
    "zone_usage": {"ground": 5, "low": 10, "mid": 25, "high": 60},
    "time_in_water_percent": 0,
    "basking_behavior": false,
    "basking_duration_hours": 0,
    "hiding_behavior": "none",
    "time_hidden_percent": 0,
    "hide_triggers": [],
    "preferred_hides": [],
    "sleep_location": "branch",
    "sleep_position": "hanging_upside_down",
    "sleep_duration_hours": 10,
    "exploration_tendency": "low",
    "curiosity_level": "low",
    "investigates_new_objects": false,
    "boldness_baseline": "cautious",
    "intelligence_level": "low",
    "can_learn": true,
    "learning_examples": ["feeding_time_recognition"],
    "recognizes_keeper": true,
    "trainable": false,
    "plays": false
  },
  "stress": {
    "stress_baseline": 15,
    "stress_threshold_low": 35,
    "stress_threshold_high": 65,
    "stress_fatal_threshold": 90,
    "stress_recovery_rate": 4.0,
    "stress_indicators_visual": ["fleeing", "threat_display", "color_change"],
    "stress_indicators_behavioral": ["refusing_food", "excessive_movement", "playing_dead"],
    "stress_sources": {
      "low_humidity": {"threshold": 30, "stress_per_hour": 3},
      "high_temperature": {"threshold": 90, "stress_per_hour": 5},
      "low_temperature": {"threshold": 60, "stress_per_hour": 4},
      "no_food_7d": {"stress_per_hour": 2},
      "overcrowding": {"stress_per_hour": 3},
      "large_prey": {"stress_per_hour": 6, "duration_hours": 1},
      "handling": {"stress_per_hour": 3, "duration_hours": 1}
    },
    "hardiness": "hardy",
    "disease_susceptibility": "low",
    "common_diseases": ["failed_molt"],
    "disease_symptoms": {
      "failed_molt": ["stuck_exoskeleton", "bent_limbs"]
    },
    "quarantine_recommended": false,
    "quarantine_duration_days": 0,
    "acclimation_time_hours": 2,
    "acclimation_method": "direct_introduction",
    "drip_acclimate": false,
    "sensitive_to_chemicals": true,
    "chemical_sensitivities": ["pesticides", "tap_water_chlorine"],
    "molting": true,
    "molt_frequency_days": 21,
    "molt_signs": ["not_eating", "color_dull", "hanging_still"],
    "molt_vulnerability": true,
    "molt_vulnerability_hours": 24,
    "regeneration": true,
    "regenerates_parts": ["legs", "antennae"],
    "venomous": false,
    "venom_potency": "none",
    "venom_delivery": "none",
    "venom_effects": [],
    "poisonous": false,
    "poison_potency": "none",
    "poison_notes": null,
    "dangerous_to_humans": false,
    "hp_max": 100,
    "hp_regeneration_per_hour": 4
  },
  "personality_ranges": {
    "boldness_min": 0.2,
    "boldness_max": 0.5,
    "boldness_default": 0.35,
    "aggression_min": 0.1,
    "aggression_max": 0.3,
    "aggression_default": 0.2,
    "activity_min": 0.1,
    "activity_max": 0.4,
    "activity_default": 0.25,
    "curiosity_min": 0.2,
    "curiosity_max": 0.4,
    "curiosity_default": 0.3
  },
  "compatibility": [
    {
      "target_species_id": "ghost_mantis",
      "target_species_name": "Ghost Mantis",
      "interaction_type": "neutral",
      "relationship_description": "Can be kept communally when well-fed, but some cannibalism risk remains",
      "can_cohabitate": true,
      "cohabitation_risk": "low",
      "cohabitation_notes": "Keep similar sizes together, ensure plenty of food and space",
      "is_predator": true,
      "is_prey": true,
      "prey_preference": "low",
      "predation_rate": 0.1,
      "will_attack": true,
      "will_kill": true,
      "attack_triggers": ["hunger", "size_difference"],
      "avoidance_distance_inches": 2,
      "competition_for": ["food", "perching_spots"],
      "aggression_level": "low",
      "symbiosis_type": null,
      "symbiosis_benefits_received": [],
      "symbiosis_benefits_provided": []
    },
    {
      "target_species_id": "fruit_flies",
      "target_species_name": "Fruit Flies",
      "interaction_type": "predator",
      "relationship_description": "Primary food source for nymphs",
      "can_cohabitate": true,
      "cohabitation_risk": "none",
      "cohabitation_notes": "Food item",
      "is_predator": true,
      "is_prey": false,
      "prey_preference": "high",
      "predation_rate": 0.95,
      "will_attack": true,
      "will_kill": true,
      "attack_triggers": ["hunger", "movement"],
      "avoidance_distance_inches": 0,
      "competition_for": [],
      "aggression_level": "high",
      "symbiosis_type": null,
      "symbiosis_benefits_received": [],
      "symbiosis_benefits_provided": []
    }
  ],
  "aggression": {
    "aggression_baseline": "peaceful",
    "aggression_same_species": "low",
    "aggression_similar_species": "low",
    "aggression_dissimilar_species": "low",
    "triggers_aggression": ["hunger", "prey_movement"],
    "attack_damage": 15,
    "attack_speed": 0.9,
    "attack_range_inches": 2,
    "attack_method": "raptorial_grab",
    "attack_description": "Lightning-fast strike with spiked forelegs to grab and hold prey",
    "defense_method": ["freeze", "camouflage", "flee", "threat_display"],
    "defense_description": "Relies on camouflage. May flee from large prey. Can display threat posture if cornered.",
    "threat_display": true,
    "threat_display_description": "Raises forelegs and spreads wings to appear larger",
    "retreats_when_outmatched": true,
    "retreat_health_threshold": 0.7,
    "fights_to_death": false,
    "armor": 0
  },
  "communication": {
    "vocalizes": false,
    "vocalization_types": [],
    "vocalization_descriptions": {},
    "vocalization_volume": "silent",
    "call_frequency": null,
    "call_time": null,
    "call_triggers": [],
    "call_attracts": [],
    "visual_signals": ["threat_display", "swaying"],
    "visual_signal_descriptions": {
      "threat_display": "Wings spread, forelegs raised to appear larger",
      "swaying": "Gentle side-to-side movement mimicking leaf in breeze"
    },
    "chemical_signals": true,
    "pheromone_types": ["sex_pheromone"],
    "tactile_signals": ["antennae_contact"],
    "electric_signals": false
  },
  "special_abilities": [
    {
      "ability_id": "dead_leaf_camouflage",
      "ability_name": "Dead Leaf Mimicry",
      "description": "Body shape, color, and head crest perfectly mimic withered dead leaves",
      "effect": "near_invisible_among_dead_foliage"
    },
    {
      "ability_id": "communal_tolerance",
      "ability_name": "Communal Tolerance",
      "description": "Unlike most mantises, can be kept in groups with relatively low cannibalism",
      "effect": "reduced_conspecific_aggression"
    },
    {
      "ability_id": "humidity_color_change",
      "ability_name": "Humidity-Responsive Coloration",
      "description": "Color changes based on environmental humidity - greener when humid, browner when dry",
      "effect": "adaptive_camouflage"
    }
  ],
  "animations": {
    "animation_rig_type": "invertebrate_multi_leg",
    "animations_idle": ["gentle_sway", "head_track", "antenna_wave", "foreleg_clean"],
    "animations_locomotion": ["slow_walk", "climb", "fly"],
    "animations_feeding": ["strike", "grab", "chew"],
    "animations_hunting": ["freeze", "head_track", "strike"],
    "animations_social": ["threat_display"],
    "animations_combat": ["grab", "flee"],
    "animations_stress": ["flee", "play_dead", "rapid_movement"],
    "animations_rest": ["hang_upside_down", "stillness"],
    "animations_reproduction": ["mount", "ootheca_laying"],
    "animations_special": ["leaf_sway", "threat_posture"],
    "animations_death": ["fall", "curl", "still"],
    "animation_notes": "Characteristic swaying motion mimics leaf in wind. Very still most of the time with subtle head tracking of movement.",
    "sound_effects": [],
    "particle_effects": []
  },
  "category_specific": {
    "invert_type": "arthropod",
    "molts": true,
    "molt_frequency_days": 21,
    "molt_vulnerability_hours": 24,
    "eats_own_molt": false,
    "exoskeleton": true,
    "needs_shells": false,
    "shell_fighting": false,
    "segments": 3,
    "legs": 6,
    "claws": false,
    "antennae": true,
    "limb_regeneration": true,
    "regeneration_molts": 2,
    "filter_feeder": false,
    "detritivore": false,
    "algae_eater": false,
    "algae_types_eaten": [],
    "cleanup_crew_rating": "none",
    "reef_safe_invert": false
  }
}
