{
  "meta": {
    "schema_version": "1.0",
    "created": "2026-02-03",
    "updated": "2026-02-03",
    "author": "Claude",
    "status": "complete"
  },
  "identity": {
    "id": "giant_asian_mantis",
    "common_name": "Giant Asian Mantis",
    "scientific_name": "Hierodula membranacea",
    "family": "Mantidae",
    "category": "invertebrate",
    "subcategory": "mantis",
    "tier_unlock": 3,
    "difficulty": "easy",
    "price": 20,
    "rarity": "common",
    "description": "One of the largest and most popular pet mantis species. Hardy, active hunters with bold personalities. Excellent beginner mantis that can take on formidable prey including hornets.",
    "real_world_notes": "Native to tropical Asia with wide distribution (India, Sri Lanka, Nepal, China, Thailand, Java). One of the largest mantis species kept in captivity - females reach 4 inches. Known for taking on dangerous prey like Asian giant hornets. Very sensitive to high humidity which can cause fatal infections. Color variable from green to yellow to brown, can change between molts.",
    "warnings": ["humidity_sensitive", "cannibalistic", "can_bite"]
  },
  "physical": {
    "size_adult_inches": 3.5,
    "size_juvenile_inches": 0.5,
    "size_min_inches": 3.0,
    "size_max_inches": 4.0,
    "growth_rate": "medium",
    "time_to_maturity_days": 150,
    "lifespan_years_min": 0.5,
    "lifespan_years_max": 1.0,
    "weight_grams": 8,
    "body_shape": "elongated",
    "body_description": "Large, robust mantis with powerful raptorial forelegs. Triangular head with large compound eyes. Long wings in adults. Females bulkier with larger abdomen.",
    "colors_primary": ["green"],
    "colors_secondary": ["yellow", "brown", "beige", "pink"],
    "pattern": "solid",
    "pattern_description": "Generally solid coloration that can vary dramatically. Green most common, but yellow, beige, brown, and even pinkish specimens occur. Can change color between molts.",
    "sexual_dimorphism": true,
    "dimorphism_details": "Females larger (9-10cm), bulkier, with broader abdomen and longer wings covering abdomen. Males smaller (7-8cm), thinner, with shorter wings. Males have 8 abdominal segments, females have 6.",
    "morphs": ["green", "yellow", "brown", "beige", "pink"],
    "morph_details": {
      "green": {"rarity": "common", "notes": "Most common coloration"},
      "yellow": {"rarity": "uncommon", "notes": "Yellow-green tint"},
      "brown": {"rarity": "uncommon", "notes": "Brown to reddish-brown"},
      "beige": {"rarity": "uncommon", "notes": "Light tan coloration"},
      "pink": {"rarity": "rare", "notes": "Pinkish tint, usually beige base"}
    }
  },
  "environment": {
    "environment_type": ["terrestrial"],
    "biome": "tropical_rainforest",
    "origin": "Asia (India, Sri Lanka, Nepal, South China, Thailand, Java)",
    "min_enclosure_gallons": 5,
    "min_enclosure_tier": 3,
    "floor_space_sqft": 0.5,
    "height_requirement": "high",
    "vertical_space_needed": true,
    "substrate_type": ["paper_towel", "bark"],
    "substrate_depth_inches": 0.5,
    "water_feature_required": false,
    "water_feature_type": "none",
    "water_depth_inches": 0,
    "humidity_range_min": 40,
    "humidity_range_max": 60,
    "humidity_ideal": 50,
    "humidity_fatal_low": 30,
    "temperature_range_min_f": 68,
    "temperature_range_max_f": 82,
    "temperature_ideal_f": 75,
    "temperature_fatal_low_f": 55,
    "temperature_fatal_high_f": 90,
    "temperature_basking_f": null,
    "light_level": "medium",
    "light_hours": 12,
    "uvb_required": false,
    "uvb_strength": 0,
    "air_flow": "high",
    "hides_required": 0,
    "climbing_surfaces": true,
    "plants_required": false,
    "plant_density": "sparse",
    "leaf_litter_required": false,
    "branches_required": true,
    "special_requirements": ["high_ventilation", "mesh_cage_preferred", "avoid_high_humidity"]
  },
  "water_parameters": null,
  "diet": {
    "diet_type": "carnivore",
    "diet_description": "Voracious active hunter that pursues prey. Not picky - takes wide variety of insects. Known for taking down dangerous prey like hornets.",
    "food_items_primary": ["flies", "crickets", "roaches", "moths"],
    "food_items_secondary": ["locusts", "mealworms", "waxworms"],
    "food_items_treats": ["bees", "hornets"],
    "food_items_toxic": [],
    "food_size_max_inches": 2,
    "food_size_ratio": 0.6,
    "feeding_method": "hunter",
    "feeding_location": "elevated",
    "feeding_time": "diurnal",
    "meals_per_day": 0.5,
    "food_amount_description": "Feed every 2-3 days. Voracious eaters - regulate food to prevent obesity. Can eat prey as large as themselves.",
    "fasting_tolerance_days": 10,
    "starvation_days": 21,
    "hunger_rate_per_hour": 1.8,
    "satiation_threshold": 30,
    "requires_live_food": true,
    "accepts_frozen": false,
    "accepts_prepared": false,
    "gut_loading_beneficial": true,
    "supplements_required": [],
    "supplement_frequency": null,
    "hunting_style": "pursuit",
    "hunting_success_rate": 0.9,
    "stalking_distance_inches": 6,
    "strike_distance_inches": 3,
    "strike_method": "raptorial_strike",
    "strike_speed_ms": 40,
    "prey_detection_range_inches": 12,
    "prey_detection_method": ["vision", "movement"],
    "will_eat_dead": false,
    "will_eat_own_species": true,
    "will_eat_eggs": false,
    "will_eat_young": true
  },
  "social": {
    "social_type": "solitary",
    "social_description": "Must be housed individually. Very cannibalistic, especially females toward males.",
    "min_group_size": 1,
    "max_group_size": 1,
    "ideal_group_size": 1,
    "sex_ratio": null,
    "sex_ratio_flexible": false,
    "hierarchy_type": "none",
    "hierarchy_description": null,
    "can_house_same_sex": false,
    "same_sex_aggression": "extreme",
    "male_male_aggression": "extreme",
    "female_female_aggression": "extreme",
    "territorial": true,
    "territory_size_sqft": 0.5,
    "territory_type": "permanent",
    "territory_markers": [],
    "defends_territory_against": ["same_species"],
    "territory_overlap_tolerance": 0,
    "schooling_behavior": false,
    "schooling_tightness": "none",
    "shoaling_minimum": null,
    "prefers_conspecifics": false,
    "stress_when_alone": false,
    "stress_when_crowded": true,
    "crowding_threshold": 2,
    "recognition_individual": false,
    "pair_bonding": false,
    "pair_bond_duration": null,
    "mourns_mate_death": false,
    "mourning_duration_days": 0,
    "alloparenting": false
  },
  "reproduction": {
    "reproduction_type": "egg_layer",
    "sexual_maturity_days": 150,
    "breeding_difficulty": "easy",
    "breeding_frequency": "once_adult",
    "breeding_season": "year_round",
    "breeding_triggers": ["maturity", "proper_feeding"],
    "breeding_trigger_details": "Both sexes ready 2-4 weeks after final molt. Feed female very well before introducing male. Female is VERY aggressive - male is at high risk.",
    "courtship_behavior": true,
    "courtship_description": "Male approaches cautiously. Best to introduce male while female is eating large prey to distract her.",
    "courtship_duration_hours": 4,
    "courtship_initiator": "male",
    "mating_display": false,
    "mating_display_description": null,
    "mating_aggression": "extreme",
    "clutch_size_min": 100,
    "clutch_size_max": 200,
    "clutch_size_average": 150,
    "clutches_per_year": 6,
    "egg_location": "ootheca",
    "egg_description": "Large foam ootheca attached to branches or cage walls",
    "egg_incubation_days": 45,
    "egg_incubation_temp_f": 86,
    "egg_care": "none",
    "egg_guarding": false,
    "larvae_stage": false,
    "larvae_type": null,
    "larvae_duration_days": null,
    "larvae_care": "none",
    "larvae_transport": false,
    "larvae_transport_description": null,
    "larvae_food": [],
    "larvae_cannibalistic": false,
    "metamorphosis": true,
    "metamorphosis_days": 0,
    "live_birth": false,
    "gestation_days": null,
    "parental_care_type": "none",
    "parental_care_duration_days": 0,
    "offspring_survival_rate": 0.5,
    "will_breed_in_captivity": true
  },
  "behavior": {
    "activity_pattern": "diurnal",
    "active_hours_start": 6,
    "active_hours_end": 20,
    "activity_level": "high",
    "activity_description": "Active predator that pursues prey rather than ambushing. Curious and explores habitat. Bold personality - often approaches keeper.",
    "movement_style": "walk",
    "movement_styles_all": ["walk", "climb", "jump", "fly"],
    "movement_speed_slow": 0.1,
    "movement_speed_normal": 0.25,
    "movement_speed_fast": 0.6,
    "can_climb": true,
    "climb_surfaces": ["plants", "mesh", "bark", "glass"],
    "can_swim": false,
    "swim_ability": "none",
    "can_jump": true,
    "jump_height_inches": 8,
    "jump_distance_inches": 16,
    "can_burrow": false,
    "burrow_depth_inches": 0,
    "can_fly": true,
    "can_glide": false,
    "arboreal": true,
    "terrestrial": true,
    "aquatic": false,
    "fossorial": false,
    "preferred_zone": "mid",
    "zone_usage": {"ground": 15, "low": 25, "mid": 40, "high": 20},
    "time_in_water_percent": 0,
    "basking_behavior": false,
    "basking_duration_hours": 0,
    "hiding_behavior": "none",
    "time_hidden_percent": 5,
    "hide_triggers": [],
    "preferred_hides": [],
    "sleep_location": "branch",
    "sleep_position": "hanging_from_branch",
    "sleep_duration_hours": 10,
    "exploration_tendency": "high",
    "curiosity_level": "high",
    "investigates_new_objects": true,
    "boldness_baseline": "bold",
    "intelligence_level": "medium",
    "can_learn": true,
    "learning_examples": ["feeding_time", "keeper_recognition"],
    "recognizes_keeper": true,
    "trainable": false,
    "plays": false
  },
  "stress": {
    "stress_baseline": 15,
    "stress_threshold_low": 35,
    "stress_threshold_high": 65,
    "stress_fatal_threshold": 85,
    "stress_recovery_rate": 4.0,
    "stress_indicators_visual": ["threat_display", "wing_spread", "dark_eyes"],
    "stress_indicators_behavioral": ["aggression", "striking"],
    "stress_sources": {
      "high_humidity": {"threshold": 70, "stress_per_hour": 8},
      "low_humidity": {"threshold": 35, "stress_per_hour": 3},
      "high_temperature": {"threshold": 85, "stress_per_hour": 5},
      "low_temperature": {"threshold": 65, "stress_per_hour": 4},
      "poor_ventilation": {"stress_per_hour": 6}
    },
    "hardiness": "hardy",
    "disease_susceptibility": "medium",
    "common_diseases": ["fungal_infection", "failed_molt", "bacterial_infection"],
    "disease_symptoms": {
      "fungal_infection": ["white_fuzzy_patches", "lethargy"],
      "failed_molt": ["stuck_exoskeleton", "deformed_limbs"],
      "bacterial_infection": ["black_spots", "refusal_to_eat"]
    },
    "quarantine_recommended": false,
    "quarantine_duration_days": 0,
    "acclimation_time_hours": 2,
    "acclimation_method": "direct_introduction",
    "drip_acclimate": false,
    "sensitive_to_chemicals": true,
    "chemical_sensitivities": ["pesticides"],
    "molting": true,
    "molt_frequency_days": 21,
    "molt_signs": ["not_eating", "hanging_still", "eyes_darken"],
    "molt_vulnerability": true,
    "molt_vulnerability_hours": 48,
    "regeneration": true,
    "regenerates_parts": ["legs"],
    "venomous": false,
    "venom_potency": "none",
    "venom_delivery": "none",
    "venom_effects": [],
    "poisonous": false,
    "poison_potency": "none",
    "poison_notes": null,
    "dangerous_to_humans": false,
    "hp_max": 100,
    "hp_regeneration_per_hour": 4
  },
  "personality_ranges": {
    "boldness_min": 0.5,
    "boldness_max": 0.9,
    "boldness_default": 0.7,
    "aggression_min": 0.5,
    "aggression_max": 0.85,
    "aggression_default": 0.7,
    "activity_min": 0.5,
    "activity_max": 0.8,
    "activity_default": 0.65,
    "curiosity_min": 0.5,
    "curiosity_max": 0.8,
    "curiosity_default": 0.65
  },
  "compatibility": [
    {
      "target_species_id": "giant_asian_mantis",
      "target_species_name": "Giant Asian Mantis",
      "interaction_type": "aggressive",
      "relationship_description": "MUST house individually - highly cannibalistic",
      "can_cohabitate": false,
      "cohabitation_risk": "extreme",
      "cohabitation_notes": "Will cannibalize each other. Females especially dangerous to males.",
      "is_predator": true,
      "is_prey": true,
      "prey_preference": "high",
      "predation_rate": 0.95,
      "will_attack": true,
      "will_kill": true,
      "attack_triggers": ["proximity", "hunger", "movement"],
      "avoidance_distance_inches": 0,
      "competition_for": ["food", "space"],
      "aggression_level": "extreme",
      "symbiosis_type": null,
      "symbiosis_benefits_received": [],
      "symbiosis_benefits_provided": []
    },
    {
      "target_species_id": "springtails",
      "target_species_name": "Springtails",
      "interaction_type": "neutral",
      "relationship_description": "Too small for prey, but may be eaten occasionally",
      "can_cohabitate": true,
      "cohabitation_risk": "low",
      "cohabitation_notes": "Can coexist but not optimal due to dry conditions needed",
      "is_predator": false,
      "is_prey": false,
      "prey_preference": "none",
      "predation_rate": 0,
      "will_attack": false,
      "will_kill": false,
      "attack_triggers": [],
      "avoidance_distance_inches": 0,
      "competition_for": [],
      "aggression_level": "none",
      "symbiosis_type": null,
      "symbiosis_benefits_received": [],
      "symbiosis_benefits_provided": []
    },
    {
      "target_species_id": "powder_blue_isopods",
      "target_species_name": "Powder Blue Isopods",
      "interaction_type": "neutral",
      "relationship_description": "Can coexist in drier conditions this mantis needs",
      "can_cohabitate": true,
      "cohabitation_risk": "low",
      "cohabitation_notes": "Isopods tolerate lower humidity; may occasionally be eaten",
      "is_predator": true,
      "is_prey": false,
      "prey_preference": "low",
      "predation_rate": 0.1,
      "will_attack": true,
      "will_kill": true,
      "attack_triggers": ["hunger"],
      "avoidance_distance_inches": 0,
      "competition_for": [],
      "aggression_level": "low",
      "symbiosis_type": null,
      "symbiosis_benefits_received": ["waste_cleanup"],
      "symbiosis_benefits_provided": []
    }
  ],
  "aggression": {
    "aggression_baseline": "aggressive",
    "aggression_same_species": "extreme",
    "aggression_similar_species": "high",
    "aggression_dissimilar_species": "high",
    "triggers_aggression": ["movement", "proximity", "hunger"],
    "attack_damage": 18,
    "attack_speed": 0.85,
    "attack_range_inches": 3,
    "attack_method": "raptorial_strike",
    "attack_description": "Fast strike with powerful raptorial forelegs. Known to tackle prey as large as itself including hornets.",
    "defense_method": ["threat_display", "bite", "fly"],
    "defense_description": "Rears up with forelegs raised and wings spread. Will strike and bite if threatened. Can fly to escape.",
    "threat_display": true,
    "threat_display_description": "Raises body vertically, spreads wings, raises forelegs - makes mantis appear much larger",
    "retreats_when_outmatched": true,
    "retreat_health_threshold": 0.4,
    "fights_to_death": false,
    "armor": 0.1
  },
  "communication": {
    "vocalizes": false,
    "vocalization_types": [],
    "vocalization_descriptions": {},
    "vocalization_volume": "silent",
    "call_frequency": null,
    "call_time": null,
    "call_triggers": [],
    "call_attracts": [],
    "visual_signals": ["threat_display", "eye_color_change"],
    "visual_signal_descriptions": {
      "threat_display": "Rears up with wings spread and forelegs raised",
      "eye_color_change": "Eyes darken at night and when stressed"
    },
    "chemical_signals": true,
    "pheromone_types": ["sex_pheromone"],
    "tactile_signals": [],
    "electric_signals": false
  },
  "special_abilities": [
    {
      "ability_id": "powerful_strike",
      "ability_name": "Powerful Raptorial Strike",
      "description": "Exceptionally powerful strike capable of taking down dangerous prey like hornets",
      "range_inches": 3,
      "speed_ms": 40,
      "accuracy": 0.9,
      "effect": "prey_capture"
    },
    {
      "ability_id": "color_adaptation",
      "ability_name": "Color Change",
      "description": "Can change coloration between molts based on environment - from green to yellow to brown",
      "effect": "adaptive_camouflage"
    },
    {
      "ability_id": "jumping",
      "ability_name": "Powerful Jump",
      "description": "Can jump approximately twice body length to capture prey or escape",
      "effect": "mobility"
    }
  ],
  "animations": {
    "animation_rig_type": "invertebrate_multi_leg",
    "animations_idle": ["head_tracking", "leg_grooming", "antennae_wave", "stillness"],
    "animations_locomotion": ["walk", "climb", "jump", "fly"],
    "animations_feeding": ["strike", "mandible_chew", "prey_hold", "head_turn"],
    "animations_hunting": ["stalk", "track_prey", "crouch", "strike"],
    "animations_social": [],
    "animations_combat": ["threat_display", "wing_spread", "strike", "bite"],
    "animations_stress": ["threat_display", "rapid_movement", "eye_darken"],
    "animations_rest": ["hang_from_branch"],
    "animations_reproduction": ["mount", "ootheca_lay"],
    "animations_special": ["prey_takedown"],
    "animations_death": ["fall", "curl", "still"],
    "animation_notes": "Active hunter with stalking behavior. Threat display very dramatic with full wing spread. Eyes darken noticeably at night. Head tracks movement constantly.",
    "sound_effects": ["wing_flutter", "strike_impact", "mandible_crunch"],
    "particle_effects": []
  },
  "category_specific": {
    "invert_type": "arthropod",
    "molts": true,
    "molt_frequency_days": 21,
    "molt_vulnerability_hours": 48,
    "eats_own_molt": false,
    "exoskeleton": true,
    "needs_shells": false,
    "shell_fighting": false,
    "segments": 3,
    "legs": 6,
    "claws": false,
    "antennae": true,
    "limb_regeneration": true,
    "regeneration_molts": 1,
    "filter_feeder": false,
    "detritivore": false,
    "algae_eater": false,
    "algae_types_eaten": [],
    "cleanup_crew_rating": "none",
    "reef_safe_invert": false
  }
}
