{
  "meta": {
    "schema_version": "1.0",
    "created": "2026-02-03",
    "updated": "2026-02-03",
    "author": "Claude",
    "status": "complete"
  },
  "identity": {
    "id": "leaf_insects_small",
    "common_name": "Leaf Insect",
    "scientific_name": "Phyllium philippinicum",
    "family": "Phylliidae",
    "category": "invertebrate",
    "subcategory": "phasmid",
    "tier_unlock": 1,
    "difficulty": "medium",
    "price": 40,
    "rarity": "uncommon",
    "description": "A stunning leaf-mimicking insect whose flat, broad body perfectly resembles a green leaf, complete with vein-like patterns and brown edge markings. One of the most popular and commonly kept leaf insects.",
    "real_world_notes": "Native to the Philippines (PSG 278). Active both day and night unlike many nocturnal phasmids. Can reproduce parthenogenetically - unfertilized eggs produce female clones. Nymphs hatch black/grey and turn green after first molt.",
    "warnings": ["high_nymph_mortality", "escape_risk"]
  },
  "physical": {
    "size_adult_inches": 3.0,
    "size_juvenile_inches": 0.5,
    "size_min_inches": 2.4,
    "size_max_inches": 3.5,
    "growth_rate": "medium",
    "time_to_maturity_days": 180,
    "lifespan_years_min": 0.5,
    "lifespan_years_max": 1.0,
    "weight_grams": 4,
    "body_shape": "flat",
    "body_description": "Extremely flat, broad body shaped exactly like a leaf. Legs have lobed extensions resembling leaf edges. Abdomen shows vein-like patterns. Brown spots along body edges mimic leaf damage.",
    "colors_primary": ["green"],
    "colors_secondary": ["brown"],
    "pattern": "mottled",
    "pattern_description": "Leaf-vein patterns across body, brown edges and spots mimicking dried or damaged leaf portions",
    "sexual_dimorphism": true,
    "dimorphism_details": "Females larger (up to 90mm) and broader with short antennae (1cm). Males slimmer (60mm), have long wings and can fly, with long feathery antennae (3.5cm).",
    "morphs": ["green", "yellow", "orange", "brown"],
    "morph_details": {
      "green": {"rarity": "common", "notes": "Standard bright green coloration"},
      "yellow": {"rarity": "rare", "notes": "Yellow coloration, uncommon"},
      "orange": {"rarity": "rare", "notes": "Orange tint"},
      "brown": {"rarity": "uncommon", "notes": "Brown coloration mimicking dead leaves"}
    }
  },
  "environment": {
    "environment_type": ["terrestrial"],
    "biome": "tropical_rainforest",
    "origin": "Philippines",
    "min_enclosure_gallons": 5,
    "min_enclosure_tier": 1,
    "floor_space_sqft": 0.5,
    "height_requirement": "high",
    "vertical_space_needed": true,
    "substrate_type": ["paper_towel", "coconut_fiber"],
    "substrate_depth_inches": 1,
    "water_feature_required": false,
    "water_feature_type": "none",
    "water_depth_inches": 0,
    "humidity_range_min": 60,
    "humidity_range_max": 80,
    "humidity_ideal": 70,
    "humidity_fatal_low": 40,
    "temperature_range_min_f": 64,
    "temperature_range_max_f": 86,
    "temperature_ideal_f": 77,
    "temperature_fatal_low_f": 55,
    "temperature_fatal_high_f": 95,
    "temperature_basking_f": null,
    "light_level": "medium",
    "light_hours": 12,
    "uvb_required": false,
    "uvb_strength": 0,
    "air_flow": "medium",
    "hides_required": 0,
    "climbing_surfaces": true,
    "plants_required": true,
    "plant_density": "moderate",
    "leaf_litter_required": false,
    "branches_required": true,
    "special_requirements": ["tall_enclosure_for_molting", "mesh_ceiling", "food_plant_branches"]
  },
  "water_parameters": null,
  "diet": {
    "diet_type": "herbivore",
    "diet_description": "Strict leaf-eater, feeds on bramble, oak, rose, raspberry, ivy, and other broadleaf plants",
    "food_items_primary": ["bramble_leaves", "oak_leaves", "rose_leaves"],
    "food_items_secondary": ["raspberry_leaves", "ivy_leaves", "hawthorn_leaves"],
    "food_items_treats": ["mango_leaves", "guava_leaves"],
    "food_items_toxic": ["pesticide_treated_plants"],
    "food_size_max_inches": null,
    "food_size_ratio": null,
    "feeding_method": "browser",
    "feeding_location": "elevated",
    "feeding_time": "cathemeral",
    "meals_per_day": 0,
    "food_amount_description": "Continuous access to fresh leaves; replace food plants every 3-5 days",
    "fasting_tolerance_days": 7,
    "starvation_days": 14,
    "hunger_rate_per_hour": 1.0,
    "satiation_threshold": 80,
    "requires_live_food": false,
    "accepts_frozen": false,
    "accepts_prepared": false,
    "gut_loading_beneficial": false,
    "supplements_required": [],
    "supplement_frequency": null,
    "hunting_style": "none",
    "hunting_success_rate": null,
    "stalking_distance_inches": null,
    "strike_distance_inches": null,
    "strike_method": null,
    "strike_speed_ms": null,
    "prey_detection_range_inches": null,
    "prey_detection_method": [],
    "will_eat_dead": false,
    "will_eat_own_species": true,
    "will_eat_eggs": false,
    "will_eat_young": false
  },
  "social": {
    "social_type": "loose_group",
    "social_description": "Can be kept in groups but may accidentally nibble each other mistaking them for leaves. Not aggressive.",
    "min_group_size": 1,
    "max_group_size": 10,
    "ideal_group_size": 3,
    "sex_ratio": "any",
    "sex_ratio_flexible": true,
    "hierarchy_type": "none",
    "hierarchy_description": null,
    "can_house_same_sex": true,
    "same_sex_aggression": "none",
    "male_male_aggression": "none",
    "female_female_aggression": "none",
    "territorial": false,
    "territory_size_sqft": 0,
    "territory_type": "none",
    "territory_markers": [],
    "defends_territory_against": [],
    "territory_overlap_tolerance": 1.0,
    "schooling_behavior": false,
    "schooling_tightness": "none",
    "shoaling_minimum": null,
    "prefers_conspecifics": false,
    "stress_when_alone": false,
    "stress_when_crowded": true,
    "crowding_threshold": 15,
    "recognition_individual": false,
    "pair_bonding": false,
    "pair_bond_duration": null,
    "mourns_mate_death": false,
    "mourning_duration_days": 0,
    "alloparenting": false
  },
  "reproduction": {
    "reproduction_type": "egg_layer",
    "sexual_maturity_days": 180,
    "breeding_difficulty": "medium",
    "breeding_frequency": "continuous_when_adult",
    "breeding_season": "year_round",
    "breeding_triggers": ["maturity", "male_presence"],
    "breeding_trigger_details": "Females begin laying eggs 2-4 weeks after final molt",
    "courtship_behavior": false,
    "courtship_description": "Minimal courtship; male approaches and mounts female",
    "courtship_duration_hours": 0,
    "courtship_initiator": "male",
    "mating_display": false,
    "mating_display_description": null,
    "mating_aggression": "none",
    "clutch_size_min": 1,
    "clutch_size_max": 8,
    "clutch_size_average": 3,
    "clutches_per_year": 100,
    "egg_location": "ground",
    "egg_description": "Brown seed-like eggs with spiny hairs when hydrated, flicked away by female",
    "egg_incubation_days": 150,
    "egg_incubation_temp_f": 77,
    "egg_care": "none",
    "egg_guarding": false,
    "larvae_stage": false,
    "larvae_type": null,
    "larvae_duration_days": null,
    "larvae_care": "none",
    "larvae_transport": false,
    "larvae_transport_description": null,
    "larvae_food": [],
    "larvae_cannibalistic": false,
    "metamorphosis": true,
    "metamorphosis_days": 0,
    "live_birth": false,
    "gestation_days": null,
    "parental_care_type": "none",
    "parental_care_duration_days": 0,
    "offspring_survival_rate": 0.3,
    "will_breed_in_captivity": true
  },
  "behavior": {
    "activity_pattern": "cathemeral",
    "active_hours_start": 0,
    "active_hours_end": 24,
    "activity_level": "low",
    "activity_description": "Mostly sedentary, hanging motionless on leaves. More active at night for feeding. Nymphs highly active when young.",
    "movement_style": "walk",
    "movement_styles_all": ["walk", "climb"],
    "movement_speed_slow": 0.05,
    "movement_speed_normal": 0.1,
    "movement_speed_fast": 0.3,
    "can_climb": true,
    "climb_surfaces": ["plants", "mesh", "bark", "glass"],
    "can_swim": false,
    "swim_ability": "none",
    "can_jump": false,
    "jump_height_inches": 0,
    "jump_distance_inches": 0,
    "can_burrow": false,
    "burrow_depth_inches": 0,
    "can_fly": false,
    "can_glide": false,
    "arboreal": true,
    "terrestrial": false,
    "aquatic": false,
    "fossorial": false,
    "preferred_zone": "mid",
    "zone_usage": {"ground": 5, "low": 15, "mid": 50, "high": 30},
    "time_in_water_percent": 0,
    "basking_behavior": false,
    "basking_duration_hours": 0,
    "hiding_behavior": "none",
    "time_hidden_percent": 0,
    "hide_triggers": [],
    "preferred_hides": [],
    "sleep_location": "leaf",
    "sleep_position": "hanging_from_leaf",
    "sleep_duration_hours": 8,
    "exploration_tendency": "low",
    "curiosity_level": "low",
    "investigates_new_objects": false,
    "boldness_baseline": "moderate",
    "intelligence_level": "instinct_only",
    "can_learn": false,
    "learning_examples": [],
    "recognizes_keeper": false,
    "trainable": false,
    "plays": false
  },
  "stress": {
    "stress_baseline": 20,
    "stress_threshold_low": 40,
    "stress_threshold_high": 70,
    "stress_fatal_threshold": 90,
    "stress_recovery_rate": 3.0,
    "stress_indicators_visual": ["not_eating", "restless_movement", "falling"],
    "stress_indicators_behavioral": ["refusing_food", "constant_movement"],
    "stress_sources": {
      "low_humidity": {"threshold": 50, "stress_per_hour": 6},
      "high_temperature": {"threshold": 90, "stress_per_hour": 8},
      "low_temperature": {"threshold": 60, "stress_per_hour": 5},
      "no_food_plants": {"stress_per_hour": 4},
      "overcrowding": {"stress_per_hour": 3},
      "poor_ventilation": {"stress_per_hour": 4},
      "handling": {"stress_per_hour": 5, "duration_hours": 2}
    },
    "hardiness": "delicate",
    "disease_susceptibility": "medium",
    "common_diseases": ["mold_infection", "failed_molt"],
    "disease_symptoms": {
      "failed_molt": ["stuck_exoskeleton", "deformed_limbs"]
    },
    "quarantine_recommended": false,
    "quarantine_duration_days": 0,
    "acclimation_time_hours": 24,
    "acclimation_method": "gradual_humidity_adjustment",
    "drip_acclimate": false,
    "sensitive_to_chemicals": true,
    "chemical_sensitivities": ["pesticides", "chlorine"],
    "molting": true,
    "molt_frequency_days": 30,
    "molt_signs": ["not_eating", "dull_coloration"],
    "molt_vulnerability": true,
    "molt_vulnerability_hours": 48,
    "regeneration": true,
    "regenerates_parts": ["legs"],
    "venomous": false,
    "venom_potency": "none",
    "venom_delivery": "none",
    "venom_effects": [],
    "poisonous": false,
    "poison_potency": "none",
    "poison_notes": null,
    "dangerous_to_humans": false,
    "hp_max": 100,
    "hp_regeneration_per_hour": 3
  },
  "personality_ranges": {
    "boldness_min": 0.3,
    "boldness_max": 0.6,
    "boldness_default": 0.45,
    "aggression_min": 0.0,
    "aggression_max": 0.1,
    "aggression_default": 0.05,
    "activity_min": 0.2,
    "activity_max": 0.5,
    "activity_default": 0.35,
    "curiosity_min": 0.1,
    "curiosity_max": 0.3,
    "curiosity_default": 0.2
  },
  "compatibility": [
    {
      "target_species_id": "stick_insects_small",
      "target_species_name": "Indian Stick Insect",
      "interaction_type": "avoidance",
      "relationship_description": "CANNOT cohabitate - stick insects will eat leaf insects",
      "can_cohabitate": false,
      "cohabitation_risk": "extreme",
      "cohabitation_notes": "Stick insects eat leaf insect bodies even when other food available",
      "is_predator": false,
      "is_prey": true,
      "prey_preference": null,
      "predation_rate": null,
      "will_attack": false,
      "will_kill": false,
      "attack_triggers": [],
      "avoidance_distance_inches": 6,
      "competition_for": ["food"],
      "aggression_level": "none",
      "symbiosis_type": null,
      "symbiosis_benefits_received": [],
      "symbiosis_benefits_provided": []
    },
    {
      "target_species_id": "springtails",
      "target_species_name": "Springtails",
      "interaction_type": "neutral",
      "relationship_description": "Springtails help prevent mold which is dangerous to leaf insects",
      "can_cohabitate": true,
      "cohabitation_risk": "none",
      "cohabitation_notes": "Beneficial - springtails control mold",
      "is_predator": false,
      "is_prey": false,
      "prey_preference": "none",
      "predation_rate": 0,
      "will_attack": false,
      "will_kill": false,
      "attack_triggers": [],
      "avoidance_distance_inches": 0,
      "competition_for": [],
      "aggression_level": "none",
      "symbiosis_type": "commensal",
      "symbiosis_benefits_received": ["mold_control"],
      "symbiosis_benefits_provided": []
    }
  ],
  "aggression": {
    "aggression_baseline": "peaceful",
    "aggression_same_species": "none",
    "aggression_similar_species": "none",
    "aggression_dissimilar_species": "none",
    "triggers_aggression": [],
    "attack_damage": 1,
    "attack_speed": 0.1,
    "attack_range_inches": 0.5,
    "attack_method": "bite",
    "attack_description": "May accidentally nibble other leaf insects mistaking them for food plants",
    "defense_method": ["freeze", "camouflage"],
    "defense_description": "Relies entirely on camouflage, remains motionless when threatened",
    "threat_display": false,
    "threat_display_description": null,
    "retreats_when_outmatched": true,
    "retreat_health_threshold": 0.9,
    "fights_to_death": false,
    "armor": 0
  },
  "communication": {
    "vocalizes": false,
    "vocalization_types": [],
    "vocalization_descriptions": {},
    "vocalization_volume": "silent",
    "call_frequency": null,
    "call_time": null,
    "call_triggers": [],
    "call_attracts": [],
    "visual_signals": [],
    "visual_signal_descriptions": {},
    "chemical_signals": true,
    "pheromone_types": ["sex_pheromone"],
    "tactile_signals": ["antennae_contact"],
    "electric_signals": false
  },
  "special_abilities": [
    {
      "ability_id": "leaf_camouflage",
      "ability_name": "Perfect Leaf Mimicry",
      "description": "Body shape, color, and patterns perfectly mimic living leaves with remarkable detail including veins and damage marks",
      "effect": "near_invisible_among_foliage"
    },
    {
      "ability_id": "parthenogenesis",
      "ability_name": "Parthenogenesis",
      "description": "Females can reproduce without males, producing all-female clones",
      "effect": "reproduction_without_mate"
    },
    {
      "ability_id": "limb_regeneration",
      "ability_name": "Limb Regeneration",
      "description": "Can regenerate lost limbs during subsequent molts if lost while young",
      "effect": "regrow_lost_legs"
    }
  ],
  "animations": {
    "animation_rig_type": "invertebrate_multi_leg",
    "animations_idle": ["gentle_sway", "antennae_movement", "leg_adjustment"],
    "animations_locomotion": ["slow_walk", "climb"],
    "animations_feeding": ["leaf_bite", "mandible_chew"],
    "animations_hunting": [],
    "animations_social": [],
    "animations_combat": [],
    "animations_stress": ["rapid_walking", "falling"],
    "animations_rest": ["hang_from_leaf", "stillness"],
    "animations_reproduction": ["egg_flick"],
    "animations_special": ["wind_sway"],
    "animations_death": ["fall", "curl", "still"],
    "animation_notes": "Gentle swaying motion mimics leaf in breeze. Very slow, deliberate movements.",
    "sound_effects": ["leaf_rustle"],
    "particle_effects": []
  },
  "category_specific": {
    "invert_type": "arthropod",
    "molts": true,
    "molt_frequency_days": 30,
    "molt_vulnerability_hours": 48,
    "eats_own_molt": false,
    "exoskeleton": true,
    "needs_shells": false,
    "shell_fighting": false,
    "segments": 3,
    "legs": 6,
    "claws": false,
    "antennae": true,
    "limb_regeneration": true,
    "regeneration_molts": 2,
    "filter_feeder": false,
    "detritivore": false,
    "algae_eater": false,
    "algae_types_eaten": [],
    "cleanup_crew_rating": "none",
    "reef_safe_invert": false
  }
}
