{
  "meta": {
    "schema_version": "1.0",
    "created": "2026-02-03",
    "updated": "2026-02-03",
    "author": "Claude",
    "status": "complete"
  },
  "identity": {
    "id": "leaf_insects_large",
    "common_name": "Giant Leaf Insect",
    "scientific_name": "Pulchriphyllium giganteum",
    "family": "Phylliidae",
    "category": "invertebrate",
    "subcategory": "phasmid",
    "tier_unlock": 2,
    "difficulty": "medium",
    "price": 60,
    "rarity": "uncommon",
    "description": "The largest species of leaf insect, with females reaching impressive sizes. Perfect leaf mimicry with broad, flat body and veined patterns. A stunning display specimen.",
    "real_world_notes": "Native to Malaysia (PSG 72). One of the biggest leaf insects in the world - females can reach 10-12cm. Almost exclusively female - males are extremely rare (first male not found until 1994). Reproduces primarily through parthenogenesis. Nymphs are dark orange-brown when hatched, one of the largest phyllium nymphs.",
    "warnings": ["high_nymph_mortality", "males_extremely_rare"]
  },
  "physical": {
    "size_adult_inches": 4.0,
    "size_juvenile_inches": 0.75,
    "size_min_inches": 3.5,
    "size_max_inches": 4.7,
    "growth_rate": "slow",
    "time_to_maturity_days": 210,
    "lifespan_years_min": 0.4,
    "lifespan_years_max": 1.0,
    "weight_grams": 12,
    "body_shape": "flat",
    "body_description": "Very wide, extremely flat body with broad legs that have leaf-like lobes. Body shows prominent vein patterns. Large head with short antennae (5mm). One of the widest phyllium species.",
    "colors_primary": ["green"],
    "colors_secondary": ["brown"],
    "pattern": "mottled",
    "pattern_description": "Leaf-vein patterns throughout body, brown edges and spots mimicking natural leaf imperfections",
    "sexual_dimorphism": true,
    "dimorphism_details": "Extreme dimorphism but males extremely rare. Females very wide, 10-12cm, with cover wings but cannot fly. Males narrower, have functional wings and can fly, tend to turn yellowish. Males have much longer antennae.",
    "morphs": ["green", "brown_edge"],
    "morph_details": {
      "green": {"rarity": "common", "notes": "Standard bright green with brown markings"},
      "brown_edge": {"rarity": "common", "notes": "More extensive brown edging"}
    }
  },
  "environment": {
    "environment_type": ["terrestrial"],
    "biome": "tropical_rainforest",
    "origin": "Malaysia, Singapore, Sumatra",
    "min_enclosure_gallons": 10,
    "min_enclosure_tier": 2,
    "floor_space_sqft": 0.75,
    "height_requirement": "very_high",
    "vertical_space_needed": true,
    "substrate_type": ["coconut_fiber", "paper_towel"],
    "substrate_depth_inches": 2,
    "water_feature_required": false,
    "water_feature_type": "none",
    "water_depth_inches": 0,
    "humidity_range_min": 60,
    "humidity_range_max": 80,
    "humidity_ideal": 75,
    "humidity_fatal_low": 40,
    "temperature_range_min_f": 64,
    "temperature_range_max_f": 86,
    "temperature_ideal_f": 79,
    "temperature_fatal_low_f": 55,
    "temperature_fatal_high_f": 95,
    "temperature_basking_f": null,
    "light_level": "medium",
    "light_hours": 12,
    "uvb_required": false,
    "uvb_strength": 0,
    "air_flow": "medium",
    "hides_required": 0,
    "climbing_surfaces": true,
    "plants_required": true,
    "plant_density": "moderate",
    "leaf_litter_required": false,
    "branches_required": true,
    "special_requirements": ["very_tall_enclosure", "mesh_ceiling", "consistent_humidity"]
  },
  "water_parameters": null,
  "diet": {
    "diet_type": "herbivore",
    "diet_description": "Feeds exclusively on leaves. Prefers older, darker leaves over fresh new growth.",
    "food_items_primary": ["bramble_leaves", "oak_leaves", "rose_leaves"],
    "food_items_secondary": ["guava_leaves", "ivy_leaves", "mango_leaves"],
    "food_items_treats": [],
    "food_items_toxic": ["pesticide_treated_plants"],
    "food_size_max_inches": null,
    "food_size_ratio": null,
    "feeding_method": "browser",
    "feeding_location": "elevated",
    "feeding_time": "nocturnal",
    "meals_per_day": 0,
    "food_amount_description": "Continuous access to fresh leaves. Nymphs prefer older, darker leaves.",
    "fasting_tolerance_days": 7,
    "starvation_days": 14,
    "hunger_rate_per_hour": 1.2,
    "satiation_threshold": 80,
    "requires_live_food": false,
    "accepts_frozen": false,
    "accepts_prepared": false,
    "gut_loading_beneficial": false,
    "supplements_required": [],
    "supplement_frequency": null,
    "hunting_style": "none",
    "hunting_success_rate": null,
    "stalking_distance_inches": null,
    "strike_distance_inches": null,
    "strike_method": null,
    "strike_speed_ms": null,
    "prey_detection_range_inches": null,
    "prey_detection_method": [],
    "will_eat_dead": false,
    "will_eat_own_species": true,
    "will_eat_eggs": false,
    "will_eat_young": false
  },
  "social": {
    "social_type": "loose_group",
    "social_description": "Can be kept together but may accidentally damage each other by mistaking them for food plants.",
    "min_group_size": 1,
    "max_group_size": 6,
    "ideal_group_size": 2,
    "sex_ratio": "all_female",
    "sex_ratio_flexible": false,
    "hierarchy_type": "none",
    "hierarchy_description": null,
    "can_house_same_sex": true,
    "same_sex_aggression": "none",
    "male_male_aggression": "none",
    "female_female_aggression": "none",
    "territorial": false,
    "territory_size_sqft": 0,
    "territory_type": "none",
    "territory_markers": [],
    "defends_territory_against": [],
    "territory_overlap_tolerance": 1.0,
    "schooling_behavior": false,
    "schooling_tightness": "none",
    "shoaling_minimum": null,
    "prefers_conspecifics": false,
    "stress_when_alone": false,
    "stress_when_crowded": true,
    "crowding_threshold": 8,
    "recognition_individual": false,
    "pair_bonding": false,
    "pair_bond_duration": null,
    "mourns_mate_death": false,
    "mourning_duration_days": 0,
    "alloparenting": false
  },
  "reproduction": {
    "reproduction_type": "egg_layer",
    "sexual_maturity_days": 210,
    "breeding_difficulty": "medium",
    "breeding_frequency": "continuous_when_adult",
    "breeding_season": "year_round",
    "breeding_triggers": ["maturity"],
    "breeding_trigger_details": "Females begin laying 1-1.5 months after final molt. Almost always parthenogenetic due to extreme rarity of males.",
    "courtship_behavior": false,
    "courtship_description": "Males extremely rare; reproduction typically parthenogenetic",
    "courtship_duration_hours": 0,
    "courtship_initiator": "male",
    "mating_display": false,
    "mating_display_description": null,
    "mating_aggression": "none",
    "clutch_size_min": 1,
    "clutch_size_max": 4,
    "clutch_size_average": 2,
    "clutches_per_year": 100,
    "egg_location": "ground",
    "egg_description": "Dark brown to black, glossy eggs about 8.5mm long, resembling seeds",
    "egg_incubation_days": 180,
    "egg_incubation_temp_f": 77,
    "egg_care": "none",
    "egg_guarding": false,
    "larvae_stage": false,
    "larvae_type": null,
    "larvae_duration_days": null,
    "larvae_care": "none",
    "larvae_transport": false,
    "larvae_transport_description": null,
    "larvae_food": [],
    "larvae_cannibalistic": false,
    "metamorphosis": true,
    "metamorphosis_days": 0,
    "live_birth": false,
    "gestation_days": null,
    "parental_care_type": "none",
    "parental_care_duration_days": 0,
    "offspring_survival_rate": 0.25,
    "will_breed_in_captivity": true
  },
  "behavior": {
    "activity_pattern": "cathemeral",
    "active_hours_start": 0,
    "active_hours_end": 24,
    "activity_level": "very_low",
    "activity_description": "Very docile and sedentary. Sits motionless for long periods maintaining leaf camouflage. Moves primarily at night to feed.",
    "movement_style": "walk",
    "movement_styles_all": ["walk", "climb"],
    "movement_speed_slow": 0.03,
    "movement_speed_normal": 0.08,
    "movement_speed_fast": 0.2,
    "can_climb": true,
    "climb_surfaces": ["plants", "mesh", "bark"],
    "can_swim": false,
    "swim_ability": "none",
    "can_jump": false,
    "jump_height_inches": 0,
    "jump_distance_inches": 0,
    "can_burrow": false,
    "burrow_depth_inches": 0,
    "can_fly": false,
    "can_glide": false,
    "arboreal": true,
    "terrestrial": false,
    "aquatic": false,
    "fossorial": false,
    "preferred_zone": "mid",
    "zone_usage": {"ground": 5, "low": 20, "mid": 50, "high": 25},
    "time_in_water_percent": 0,
    "basking_behavior": false,
    "basking_duration_hours": 0,
    "hiding_behavior": "none",
    "time_hidden_percent": 0,
    "hide_triggers": [],
    "preferred_hides": [],
    "sleep_location": "leaf",
    "sleep_position": "on_leaf_surface",
    "sleep_duration_hours": 10,
    "exploration_tendency": "very_low",
    "curiosity_level": "very_low",
    "investigates_new_objects": false,
    "boldness_baseline": "cautious",
    "intelligence_level": "instinct_only",
    "can_learn": false,
    "learning_examples": [],
    "recognizes_keeper": false,
    "trainable": false,
    "plays": false
  },
  "stress": {
    "stress_baseline": 25,
    "stress_threshold_low": 45,
    "stress_threshold_high": 75,
    "stress_fatal_threshold": 90,
    "stress_recovery_rate": 2.5,
    "stress_indicators_visual": ["not_eating", "wandering", "dull_color"],
    "stress_indicators_behavioral": ["refusing_food", "excessive_movement"],
    "stress_sources": {
      "low_humidity": {"threshold": 50, "stress_per_hour": 7},
      "high_temperature": {"threshold": 90, "stress_per_hour": 8},
      "low_temperature": {"threshold": 60, "stress_per_hour": 6},
      "no_food_plants": {"stress_per_hour": 5},
      "handling": {"stress_per_hour": 6, "duration_hours": 3},
      "poor_ventilation": {"stress_per_hour": 4}
    },
    "hardiness": "delicate",
    "disease_susceptibility": "medium",
    "common_diseases": ["failed_molt", "mold_infection"],
    "disease_symptoms": {
      "failed_molt": ["stuck_exoskeleton", "deformed_body"],
      "mold_infection": ["white_patches", "lethargy"]
    },
    "quarantine_recommended": false,
    "quarantine_duration_days": 0,
    "acclimation_time_hours": 24,
    "acclimation_method": "gradual_humidity_adjustment",
    "drip_acclimate": false,
    "sensitive_to_chemicals": true,
    "chemical_sensitivities": ["pesticides", "chlorine"],
    "molting": true,
    "molt_frequency_days": 30,
    "molt_signs": ["not_eating", "dull_coloration", "hanging_still"],
    "molt_vulnerability": true,
    "molt_vulnerability_hours": 72,
    "regeneration": true,
    "regenerates_parts": ["legs"],
    "venomous": false,
    "venom_potency": "none",
    "venom_delivery": "none",
    "venom_effects": [],
    "poisonous": false,
    "poison_potency": "none",
    "poison_notes": null,
    "dangerous_to_humans": false,
    "hp_max": 100,
    "hp_regeneration_per_hour": 2
  },
  "personality_ranges": {
    "boldness_min": 0.2,
    "boldness_max": 0.4,
    "boldness_default": 0.3,
    "aggression_min": 0.0,
    "aggression_max": 0.1,
    "aggression_default": 0.05,
    "activity_min": 0.1,
    "activity_max": 0.3,
    "activity_default": 0.2,
    "curiosity_min": 0.05,
    "curiosity_max": 0.2,
    "curiosity_default": 0.1
  },
  "compatibility": [
    {
      "target_species_id": "stick_insects_small",
      "target_species_name": "Indian Stick Insect",
      "interaction_type": "avoidance",
      "relationship_description": "CANNOT cohabitate - stick insects will eat leaf insects",
      "can_cohabitate": false,
      "cohabitation_risk": "extreme",
      "cohabitation_notes": "Stick insects eat leaf insect bodies",
      "is_predator": false,
      "is_prey": true,
      "prey_preference": null,
      "predation_rate": null,
      "will_attack": false,
      "will_kill": false,
      "attack_triggers": [],
      "avoidance_distance_inches": 6,
      "competition_for": ["food"],
      "aggression_level": "none",
      "symbiosis_type": null,
      "symbiosis_benefits_received": [],
      "symbiosis_benefits_provided": []
    },
    {
      "target_species_id": "leaf_insects_large",
      "target_species_name": "Giant Leaf Insect",
      "interaction_type": "neutral",
      "relationship_description": "Can be kept together but may accidentally nibble each other",
      "can_cohabitate": true,
      "cohabitation_risk": "low",
      "cohabitation_notes": "Behavioral cannibalism - may mistake each other for leaves. Provide ample food and space.",
      "is_predator": false,
      "is_prey": false,
      "prey_preference": "none",
      "predation_rate": 0.1,
      "will_attack": false,
      "will_kill": false,
      "attack_triggers": [],
      "avoidance_distance_inches": 0,
      "competition_for": ["food", "perching_spots"],
      "aggression_level": "none",
      "symbiosis_type": null,
      "symbiosis_benefits_received": [],
      "symbiosis_benefits_provided": []
    },
    {
      "target_species_id": "springtails",
      "target_species_name": "Springtails",
      "interaction_type": "neutral",
      "relationship_description": "Beneficial cleanup crew, helps prevent dangerous mold",
      "can_cohabitate": true,
      "cohabitation_risk": "none",
      "cohabitation_notes": "Essential for mold control",
      "is_predator": false,
      "is_prey": false,
      "prey_preference": "none",
      "predation_rate": 0,
      "will_attack": false,
      "will_kill": false,
      "attack_triggers": [],
      "avoidance_distance_inches": 0,
      "competition_for": [],
      "aggression_level": "none",
      "symbiosis_type": "commensal",
      "symbiosis_benefits_received": ["mold_control"],
      "symbiosis_benefits_provided": []
    }
  ],
  "aggression": {
    "aggression_baseline": "peaceful",
    "aggression_same_species": "none",
    "aggression_similar_species": "none",
    "aggression_dissimilar_species": "none",
    "triggers_aggression": [],
    "attack_damage": 1,
    "attack_speed": 0.1,
    "attack_range_inches": 0.5,
    "attack_method": "bite",
    "attack_description": "May accidentally nibble other leaf insects mistaking them for leaves",
    "defense_method": ["freeze", "camouflage"],
    "defense_description": "Relies entirely on camouflage, remains perfectly still when threatened",
    "threat_display": false,
    "threat_display_description": null,
    "retreats_when_outmatched": true,
    "retreat_health_threshold": 0.9,
    "fights_to_death": false,
    "armor": 0
  },
  "communication": {
    "vocalizes": false,
    "vocalization_types": [],
    "vocalization_descriptions": {},
    "vocalization_volume": "silent",
    "call_frequency": null,
    "call_time": null,
    "call_triggers": [],
    "call_attracts": [],
    "visual_signals": [],
    "visual_signal_descriptions": {},
    "chemical_signals": true,
    "pheromone_types": ["sex_pheromone"],
    "tactile_signals": ["antennae_contact"],
    "electric_signals": false
  },
  "special_abilities": [
    {
      "ability_id": "giant_leaf_camouflage",
      "ability_name": "Giant Leaf Mimicry",
      "description": "Largest leaf insect species with perfect leaf camouflage including veins, brown spots, and lobed legs",
      "effect": "exceptional_camouflage"
    },
    {
      "ability_id": "parthenogenesis",
      "ability_name": "Obligate Parthenogenesis",
      "description": "Reproduces almost exclusively without males - one of the most extreme cases in insects",
      "effect": "reproduction_without_mate"
    },
    {
      "ability_id": "limb_regeneration",
      "ability_name": "Limb Regeneration",
      "description": "Can regenerate lost limbs during subsequent molts when young",
      "effect": "regrow_lost_legs"
    }
  ],
  "animations": {
    "animation_rig_type": "invertebrate_multi_leg",
    "animations_idle": ["stillness", "very_subtle_sway", "antennae_twitch"],
    "animations_locomotion": ["very_slow_walk", "climb"],
    "animations_feeding": ["leaf_bite", "mandible_chew"],
    "animations_hunting": [],
    "animations_social": [],
    "animations_combat": [],
    "animations_stress": ["wandering", "falling"],
    "animations_rest": ["on_leaf", "hanging"],
    "animations_reproduction": ["egg_drop"],
    "animations_special": [],
    "animations_death": ["fall", "curl", "still"],
    "animation_notes": "Extremely slow, deliberate movements. Often completely motionless for hours. Very large and impressive when moving.",
    "sound_effects": ["leaf_rustle"],
    "particle_effects": []
  },
  "category_specific": {
    "invert_type": "arthropod",
    "molts": true,
    "molt_frequency_days": 30,
    "molt_vulnerability_hours": 72,
    "eats_own_molt": false,
    "exoskeleton": true,
    "needs_shells": false,
    "shell_fighting": false,
    "segments": 3,
    "legs": 6,
    "claws": false,
    "antennae": true,
    "limb_regeneration": true,
    "regeneration_molts": 2,
    "filter_feeder": false,
    "detritivore": false,
    "algae_eater": false,
    "algae_types_eaten": [],
    "cleanup_crew_rating": "none",
    "reef_safe_invert": false
  }
}
