{
  "meta": {
    "schema_version": "1.0",
    "created": "2026-02-03",
    "updated": "2026-02-03",
    "author": "Claude",
    "status": "complete"
  },
  "identity": {
    "id": "orchid_mantis",
    "common_name": "Orchid Mantis",
    "scientific_name": "Hymenopus coronatus",
    "family": "Hymenopodidae",
    "category": "invertebrate",
    "subcategory": "mantis",
    "tier_unlock": 3,
    "difficulty": "medium",
    "price": 50,
    "rarity": "uncommon",
    "description": "A stunning flower mantis with petal-like leg lobes and pink/white coloration that mimics orchid blooms. One of the most beautiful mantis species, prized for its remarkable camouflage.",
    "real_world_notes": "Native to Southeast Asian rainforests (Malaysia, Indonesia, Thailand). Exhibits extreme sexual dimorphism - females reach 3 inches while males barely exceed 1 inch. Hatchlings are orange/black mimicking ants, gaining orchid colors after first molt. Can change color between pink and white based on humidity. Males mature much faster than females, making breeding challenging.",
    "warnings": ["extreme_sexual_dimorphism", "cannibalistic", "nymphs_fragile"]
  },
  "physical": {
    "size_adult_inches": 2.5,
    "size_juvenile_inches": 0.25,
    "size_min_inches": 0.8,
    "size_max_inches": 3.0,
    "growth_rate": "medium",
    "time_to_maturity_days": 150,
    "lifespan_years_min": 0.4,
    "lifespan_years_max": 1.0,
    "weight_grams": 4,
    "body_shape": "elongated",
    "body_description": "Delicate body with large petal-like lobes on middle and rear legs. Wide, flat thorax resembles flower center. Head triangular with large compound eyes. Females have short wings, males have long functional wings.",
    "colors_primary": ["white", "pink"],
    "colors_secondary": ["yellow", "green"],
    "pattern": "solid",
    "pattern_description": "Base color white to pink, sometimes with yellow or green accents. Color can shift based on humidity and light conditions. Males more brownish/yellow.",
    "sexual_dimorphism": true,
    "dimorphism_details": "EXTREME dimorphism - one of the most pronounced in insects. Females 6-7cm (2.5-3\"), males only 2.5-4cm (1-1.5\"). Females white/pink with large leg lobes. Males thinner, brownish/yellow, smaller lobes, longer wings, long antennae. Males mature at L7, females at L9.",
    "morphs": ["white", "pink", "yellow"],
    "morph_details": {
      "white": {"rarity": "common", "notes": "Pure white coloration"},
      "pink": {"rarity": "common", "notes": "Pink accents or fully pink"},
      "yellow": {"rarity": "uncommon", "notes": "Yellowish tint, more common in males"}
    }
  },
  "environment": {
    "environment_type": ["terrestrial"],
    "biome": "tropical_rainforest",
    "origin": "Southeast Asia (Malaysia, Indonesia, Thailand, Philippines)",
    "min_enclosure_gallons": 3,
    "min_enclosure_tier": 3,
    "floor_space_sqft": 0.25,
    "height_requirement": "high",
    "vertical_space_needed": true,
    "substrate_type": ["coconut_fiber", "peat_moss", "paper_towel"],
    "substrate_depth_inches": 1,
    "water_feature_required": false,
    "water_feature_type": "none",
    "water_depth_inches": 0,
    "humidity_range_min": 60,
    "humidity_range_max": 80,
    "humidity_ideal": 70,
    "humidity_fatal_low": 40,
    "temperature_range_min_f": 70,
    "temperature_range_max_f": 90,
    "temperature_ideal_f": 82,
    "temperature_fatal_low_f": 60,
    "temperature_fatal_high_f": 95,
    "temperature_basking_f": null,
    "light_level": "medium",
    "light_hours": 12,
    "uvb_required": false,
    "uvb_strength": 0,
    "air_flow": "medium",
    "hides_required": 0,
    "climbing_surfaces": true,
    "plants_required": true,
    "plant_density": "moderate",
    "leaf_litter_required": false,
    "branches_required": true,
    "special_requirements": ["flowers_or_flower_decorations", "tall_enclosure", "mesh_ceiling", "good_ventilation"]
  },
  "water_parameters": null,
  "diet": {
    "diet_type": "carnivore",
    "diet_description": "Ambush predator specializing in flying pollinator insects. Lures prey with flower-like appearance.",
    "food_items_primary": ["flies", "moths", "bees"],
    "food_items_secondary": ["crickets_small", "waxworms", "butterflies"],
    "food_items_treats": [],
    "food_items_toxic": [],
    "food_size_max_inches": 1.5,
    "food_size_ratio": 0.5,
    "feeding_method": "ambush",
    "feeding_location": "elevated",
    "feeding_time": "diurnal",
    "meals_per_day": 0.5,
    "food_amount_description": "Feed every 2-3 days. Females need more food than males. Flying insects preferred.",
    "fasting_tolerance_days": 7,
    "starvation_days": 14,
    "hunger_rate_per_hour": 2.0,
    "satiation_threshold": 25,
    "requires_live_food": true,
    "accepts_frozen": false,
    "accepts_prepared": false,
    "gut_loading_beneficial": true,
    "supplements_required": [],
    "supplement_frequency": null,
    "hunting_style": "ambush",
    "hunting_success_rate": 0.85,
    "stalking_distance_inches": 0,
    "strike_distance_inches": 2,
    "strike_method": "raptorial_strike",
    "strike_speed_ms": 30,
    "prey_detection_range_inches": 8,
    "prey_detection_method": ["vision", "movement"],
    "will_eat_dead": false,
    "will_eat_own_species": true,
    "will_eat_eggs": false,
    "will_eat_young": true
  },
  "social": {
    "social_type": "solitary",
    "social_description": "Must be housed individually after L3. Highly cannibalistic, especially given size differences between sexes.",
    "min_group_size": 1,
    "max_group_size": 1,
    "ideal_group_size": 1,
    "sex_ratio": null,
    "sex_ratio_flexible": false,
    "hierarchy_type": "none",
    "hierarchy_description": null,
    "can_house_same_sex": false,
    "same_sex_aggression": "extreme",
    "male_male_aggression": "extreme",
    "female_female_aggression": "extreme",
    "territorial": true,
    "territory_size_sqft": 0.25,
    "territory_type": "permanent",
    "territory_markers": [],
    "defends_territory_against": ["same_species"],
    "territory_overlap_tolerance": 0,
    "schooling_behavior": false,
    "schooling_tightness": "none",
    "shoaling_minimum": null,
    "prefers_conspecifics": false,
    "stress_when_alone": false,
    "stress_when_crowded": true,
    "crowding_threshold": 2,
    "recognition_individual": false,
    "pair_bonding": false,
    "pair_bond_duration": null,
    "mourns_mate_death": false,
    "mourning_duration_days": 0,
    "alloparenting": false
  },
  "reproduction": {
    "reproduction_type": "egg_layer",
    "sexual_maturity_days": 150,
    "breeding_difficulty": "hard",
    "breeding_frequency": "once_adult",
    "breeding_season": "year_round",
    "breeding_triggers": ["maturity", "proper_feeding"],
    "breeding_trigger_details": "Females ready 2-4 weeks after final molt. Males ready 2 weeks after. CRITICAL: Must slow male development by keeping cool (60-68°F) or he will mature and die before female is ready.",
    "courtship_behavior": true,
    "courtship_description": "Male approaches cautiously from behind. Must distract female with food to prevent cannibalism.",
    "courtship_duration_hours": 2,
    "courtship_initiator": "male",
    "mating_display": false,
    "mating_display_description": null,
    "mating_aggression": "extreme",
    "clutch_size_min": 50,
    "clutch_size_max": 100,
    "clutch_size_average": 75,
    "clutches_per_year": 6,
    "egg_location": "ootheca",
    "egg_description": "White foam ootheca approximately 2 inches long, turns light brown after 1-2 days",
    "egg_incubation_days": 42,
    "egg_incubation_temp_f": 82,
    "egg_care": "none",
    "egg_guarding": false,
    "larvae_stage": false,
    "larvae_type": null,
    "larvae_duration_days": null,
    "larvae_care": "none",
    "larvae_transport": false,
    "larvae_transport_description": null,
    "larvae_food": [],
    "larvae_cannibalistic": false,
    "metamorphosis": true,
    "metamorphosis_days": 0,
    "live_birth": false,
    "gestation_days": null,
    "parental_care_type": "none",
    "parental_care_duration_days": 0,
    "offspring_survival_rate": 0.3,
    "will_breed_in_captivity": true
  },
  "behavior": {
    "activity_pattern": "diurnal",
    "active_hours_start": 6,
    "active_hours_end": 18,
    "activity_level": "low",
    "activity_description": "Spends most time motionless, mimicking a flower petal. Patient ambush predator. Adult males become hyperactive and skittish.",
    "movement_style": "walk",
    "movement_styles_all": ["walk", "climb", "fly"],
    "movement_speed_slow": 0.05,
    "movement_speed_normal": 0.1,
    "movement_speed_fast": 0.4,
    "can_climb": true,
    "climb_surfaces": ["plants", "mesh", "bark", "flowers"],
    "can_swim": false,
    "swim_ability": "none",
    "can_jump": false,
    "jump_height_inches": 0,
    "jump_distance_inches": 0,
    "can_burrow": false,
    "burrow_depth_inches": 0,
    "can_fly": true,
    "can_glide": false,
    "arboreal": true,
    "terrestrial": false,
    "aquatic": false,
    "fossorial": false,
    "preferred_zone": "mid",
    "zone_usage": {"ground": 5, "low": 15, "mid": 50, "high": 30},
    "time_in_water_percent": 0,
    "basking_behavior": false,
    "basking_duration_hours": 0,
    "hiding_behavior": "none",
    "time_hidden_percent": 0,
    "hide_triggers": [],
    "preferred_hides": [],
    "sleep_location": "branch",
    "sleep_position": "hanging_from_branch",
    "sleep_duration_hours": 10,
    "exploration_tendency": "very_low",
    "curiosity_level": "low",
    "investigates_new_objects": false,
    "boldness_baseline": "moderate",
    "intelligence_level": "low",
    "can_learn": false,
    "learning_examples": [],
    "recognizes_keeper": false,
    "trainable": false,
    "plays": false
  },
  "stress": {
    "stress_baseline": 25,
    "stress_threshold_low": 45,
    "stress_threshold_high": 75,
    "stress_fatal_threshold": 90,
    "stress_recovery_rate": 3.0,
    "stress_indicators_visual": ["dark_coloration", "not_eating", "restless"],
    "stress_indicators_behavioral": ["excessive_movement", "refusing_food", "aggression"],
    "stress_sources": {
      "low_humidity": {"threshold": 50, "stress_per_hour": 6},
      "high_temperature": {"threshold": 92, "stress_per_hour": 5},
      "low_temperature": {"threshold": 65, "stress_per_hour": 4},
      "no_perching": {"stress_per_hour": 5},
      "handling": {"stress_per_hour": 4, "duration_hours": 2},
      "poor_ventilation": {"stress_per_hour": 5}
    },
    "hardiness": "delicate",
    "disease_susceptibility": "high",
    "common_diseases": ["failed_molt", "bacterial_infection", "dehydration"],
    "disease_symptoms": {
      "failed_molt": ["stuck_exoskeleton", "deformed_limbs"],
      "bacterial_infection": ["black_spots", "lethargy"],
      "dehydration": ["shriveled_appearance"]
    },
    "quarantine_recommended": true,
    "quarantine_duration_days": 7,
    "acclimation_time_hours": 4,
    "acclimation_method": "gradual_humidity_adjustment",
    "drip_acclimate": false,
    "sensitive_to_chemicals": true,
    "chemical_sensitivities": ["pesticides", "chlorine"],
    "molting": true,
    "molt_frequency_days": 18,
    "molt_signs": ["not_eating", "hanging_still", "darkened_wing_buds"],
    "molt_vulnerability": true,
    "molt_vulnerability_hours": 48,
    "regeneration": true,
    "regenerates_parts": ["legs"],
    "venomous": false,
    "venom_potency": "none",
    "venom_delivery": "none",
    "venom_effects": [],
    "poisonous": false,
    "poison_potency": "none",
    "poison_notes": null,
    "dangerous_to_humans": false,
    "hp_max": 100,
    "hp_regeneration_per_hour": 3
  },
  "personality_ranges": {
    "boldness_min": 0.3,
    "boldness_max": 0.6,
    "boldness_default": 0.45,
    "aggression_min": 0.5,
    "aggression_max": 0.9,
    "aggression_default": 0.7,
    "activity_min": 0.1,
    "activity_max": 0.4,
    "activity_default": 0.25,
    "curiosity_min": 0.2,
    "curiosity_max": 0.5,
    "curiosity_default": 0.35
  },
  "compatibility": [
    {
      "target_species_id": "orchid_mantis",
      "target_species_name": "Orchid Mantis",
      "interaction_type": "aggressive",
      "relationship_description": "MUST house individually - highly cannibalistic",
      "can_cohabitate": false,
      "cohabitation_risk": "extreme",
      "cohabitation_notes": "Will cannibalize each other, especially given size differences",
      "is_predator": true,
      "is_prey": true,
      "prey_preference": "high",
      "predation_rate": 0.95,
      "will_attack": true,
      "will_kill": true,
      "attack_triggers": ["proximity", "hunger", "movement"],
      "avoidance_distance_inches": 0,
      "competition_for": ["food", "space"],
      "aggression_level": "extreme",
      "symbiosis_type": null,
      "symbiosis_benefits_received": [],
      "symbiosis_benefits_provided": []
    },
    {
      "target_species_id": "springtails",
      "target_species_name": "Springtails",
      "interaction_type": "neutral",
      "relationship_description": "Springtails too small to be prey, serve as cleanup crew",
      "can_cohabitate": true,
      "cohabitation_risk": "none",
      "cohabitation_notes": "Beneficial for mold control in humid environment",
      "is_predator": false,
      "is_prey": false,
      "prey_preference": "none",
      "predation_rate": 0,
      "will_attack": false,
      "will_kill": false,
      "attack_triggers": [],
      "avoidance_distance_inches": 0,
      "competition_for": [],
      "aggression_level": "none",
      "symbiosis_type": "commensal",
      "symbiosis_benefits_received": ["mold_control"],
      "symbiosis_benefits_provided": []
    },
    {
      "target_species_id": "dwarf_white_isopods",
      "target_species_name": "Dwarf White Isopods",
      "interaction_type": "neutral",
      "relationship_description": "Isopods serve as cleanup crew, too small for prey",
      "can_cohabitate": true,
      "cohabitation_risk": "none",
      "cohabitation_notes": "Help maintain enclosure hygiene",
      "is_predator": false,
      "is_prey": false,
      "prey_preference": "none",
      "predation_rate": 0,
      "will_attack": false,
      "will_kill": false,
      "attack_triggers": [],
      "avoidance_distance_inches": 0,
      "competition_for": [],
      "aggression_level": "none",
      "symbiosis_type": "commensal",
      "symbiosis_benefits_received": ["waste_cleanup"],
      "symbiosis_benefits_provided": []
    }
  ],
  "aggression": {
    "aggression_baseline": "aggressive",
    "aggression_same_species": "extreme",
    "aggression_similar_species": "extreme",
    "aggression_dissimilar_species": "high",
    "triggers_aggression": ["movement", "proximity", "hunger"],
    "attack_damage": 15,
    "attack_speed": 0.9,
    "attack_range_inches": 2,
    "attack_method": "raptorial_strike",
    "attack_description": "Lightning-fast strike with raptorial forelegs, seizes and immobilizes prey",
    "defense_method": ["flee", "fly"],
    "defense_description": "Relies on camouflage. Males will fly away when threatened.",
    "threat_display": true,
    "threat_display_description": "Raises forelegs and spreads wings to appear larger",
    "retreats_when_outmatched": true,
    "retreat_health_threshold": 0.5,
    "fights_to_death": false,
    "armor": 0
  },
  "communication": {
    "vocalizes": false,
    "vocalization_types": [],
    "vocalization_descriptions": {},
    "vocalization_volume": "silent",
    "call_frequency": null,
    "call_time": null,
    "call_triggers": [],
    "call_attracts": [],
    "visual_signals": ["threat_display", "color_change"],
    "visual_signal_descriptions": {
      "threat_display": "Raises forelegs and spreads wings",
      "color_change": "Can shift between pink and white"
    },
    "chemical_signals": true,
    "pheromone_types": ["sex_pheromone"],
    "tactile_signals": [],
    "electric_signals": false
  },
  "special_abilities": [
    {
      "ability_id": "flower_mimicry",
      "ability_name": "Orchid Flower Mimicry",
      "description": "Body shape and coloration perfectly mimics orchid flower petals, luring pollinating insects",
      "effect": "prey_attraction_camouflage"
    },
    {
      "ability_id": "color_shift",
      "ability_name": "Color Adaptation",
      "description": "Can change between pink and white coloration over days based on humidity and light",
      "effect": "adaptive_camouflage"
    },
    {
      "ability_id": "ant_mimicry_nymph",
      "ability_name": "Ant Mimicry (Hatchlings)",
      "description": "L1 nymphs are orange/black and mimic ants in appearance and behavior",
      "effect": "predator_avoidance"
    },
    {
      "ability_id": "raptorial_strike",
      "ability_name": "Lightning Strike",
      "description": "Extremely fast raptorial strike to capture flying prey",
      "range_inches": 2,
      "speed_ms": 30,
      "accuracy": 0.85,
      "effect": "prey_capture"
    }
  ],
  "animations": {
    "animation_rig_type": "invertebrate_multi_leg",
    "animations_idle": ["gentle_sway", "stillness", "antennae_movement", "leg_grooming"],
    "animations_locomotion": ["careful_walk", "climb", "fly"],
    "animations_feeding": ["strike", "mandible_chew", "prey_hold"],
    "animations_hunting": ["freeze", "track_prey", "strike"],
    "animations_social": [],
    "animations_combat": ["threat_display", "strike", "flee"],
    "animations_stress": ["rapid_movement", "color_darkening"],
    "animations_rest": ["hang_from_branch", "flower_pose"],
    "animations_reproduction": ["mount", "ootheca_lay"],
    "animations_special": ["petal_sway", "ant_mimic_walk"],
    "animations_death": ["fall", "curl", "still"],
    "animation_notes": "Distinctive gentle swaying motion mimics flower in breeze. Strike is extremely fast. Adult males very skittish with rapid flight attempts. L1 nymphs have ant-like jerky walking.",
    "sound_effects": ["wing_flutter", "strike_impact"],
    "particle_effects": []
  },
  "category_specific": {
    "invert_type": "arthropod",
    "molts": true,
    "molt_frequency_days": 18,
    "molt_vulnerability_hours": 48,
    "eats_own_molt": false,
    "exoskeleton": true,
    "needs_shells": false,
    "shell_fighting": false,
    "segments": 3,
    "legs": 6,
    "claws": false,
    "antennae": true,
    "limb_regeneration": true,
    "regeneration_molts": 1,
    "filter_feeder": false,
    "detritivore": false,
    "algae_eater": false,
    "algae_types_eaten": [],
    "cleanup_crew_rating": "none",
    "reef_safe_invert": false
  }
}
