{
  "meta": {
    "schema_version": "1.0",
    "created": "2026-02-03",
    "updated": "2026-02-03",
    "author": "Claude",
    "status": "complete"
  },

  "identity": {
    "id": "stick_insects_small",
    "common_name": "Indian Stick Insect",
    "scientific_name": "Carausius morosus",
    "family": "Phasmatidae",
    "category": "invertebrate",
    "subcategory": "display_invertebrate",
    "tier_unlock": 1,
    "difficulty": "easy",
    "price": 15,
    "rarity": "common",
    "description": "Classic beginner stick insect with remarkable twig-like camouflage. Slender brown body with pink markings at the base of forelegs. Completely harmless - cannot bite, sting, or spray. Perfect educational species that reproduces parthenogenetically.",
    "real_world_notes": "Originally from Tamil Nadu, India. Most common stick insect in the pet trade, also called 'laboratory stick insect' due to widespread use in schools and research. Parthenogenetic - females lay unfertilized eggs that hatch into female offspring, so males are extremely rare. Will play dead when disturbed, tucking in all limbs to look like a twig. Can vary from lime green to beige in color. Incredibly invasive species found on every continent except Antarctica. One of approximately 3,000 known stick insect species. Lifespan approximately 1 year (10-14 months).",
    "warnings": ["can_lose_legs_easily", "invasive_species"]
  },

  "physical": {
    "size_adult_inches": 4.0,
    "size_juvenile_inches": 0.5,
    "size_min_inches": 3.0,
    "size_max_inches": 4.5,
    "growth_rate": "medium",
    "time_to_maturity_days": 120,
    "lifespan_years_min": 0.8,
    "lifespan_years_max": 1.2,
    "weight_grams": 1.5,
    "body_shape": "elongated",
    "body_description": "Long, thin body perfectly mimicking a twig. Bark-like texture. Slender limbs and long antennae. Wingless. Bright pink/red coloration at base of forelegs.",
    "colors_primary": ["brown", "beige"],
    "colors_secondary": ["green", "pink"],
    "pattern": "solid",
    "pattern_description": "Uniform brown or green with bark-like texture. Can vary from lime green to beige depending on environment and individual. Pink coloration under first pair of legs in adults.",
    "sexual_dimorphism": true,
    "dimorphism_details": "Females larger (3-4 inches) than rare males (2 inches). Males extremely rare in captivity due to parthenogenesis.",
    "morphs": [],
    "morph_details": {}
  },

  "environment": {
    "environment_type": ["terrestrial"],
    "biome": "tropical",
    "origin": "Tamil Nadu, India",
    "min_enclosure_gallons": 5,
    "min_enclosure_tier": 1,
    "floor_space_sqft": 0.25,
    "height_requirement": "high",
    "vertical_space_needed": true,
    "substrate_type": ["paper_towel", "coconut_fiber", "soil"],
    "substrate_depth_inches": 2,
    "water_feature_required": false,
    "water_feature_type": "none",
    "water_depth_inches": 0,
    "humidity_range_min": 50,
    "humidity_range_max": 80,
    "humidity_ideal": 65,
    "humidity_fatal_low": 30,
    "temperature_range_min_f": 63,
    "temperature_range_max_f": 86,
    "temperature_ideal_f": 72,
    "temperature_fatal_low_f": 50,
    "temperature_fatal_high_f": 95,
    "temperature_basking_f": null,
    "light_level": "medium",
    "light_hours": 12,
    "uvb_required": false,
    "uvb_strength": 0,
    "air_flow": "medium",
    "hides_required": 0,
    "climbing_surfaces": true,
    "plants_required": true,
    "plant_density": "moderate",
    "leaf_litter_required": false,
    "branches_required": true,
    "special_requirements": ["vertical_height_for_molting", "fresh_leaves", "mesh_enclosure"]
  },

  "water_parameters": {
    "water_type": "none",
    "salinity_min": null,
    "salinity_max": null,
    "salinity_ideal": null,
    "ph_min": null,
    "ph_max": null,
    "ph_ideal": null,
    "ammonia_tolerance": null,
    "nitrite_tolerance": null,
    "nitrate_max": null,
    "gh_min": null,
    "gh_max": null,
    "gh_ideal": null,
    "kh_min": null,
    "kh_max": null,
    "kh_ideal": null,
    "temperature_water_min_f": null,
    "temperature_water_max_f": null,
    "temperature_water_ideal_f": null,
    "flow_preference": "none",
    "oxygen_requirement": "low",
    "depth_preference": null,
    "calcium_min": null,
    "calcium_max": null,
    "calcium_ideal": null,
    "alkalinity_min": null,
    "alkalinity_max": null,
    "alkalinity_ideal": null,
    "magnesium_min": null,
    "magnesium_max": null
  },

  "diet": {
    "diet_type": "herbivore",
    "diet_description": "Feeds exclusively on fresh leaves. Primary foods are bramble/blackberry, ivy, oak, hawthorn, rose, hazel, and privet. One of few species that can survive solely on ivy.",
    "food_items_primary": ["bramble_leaves", "blackberry_leaves", "ivy_leaves", "oak_leaves"],
    "food_items_secondary": ["hawthorn_leaves", "rose_leaves", "privet_leaves", "hazel_leaves", "romaine_lettuce"],
    "food_items_treats": [],
    "food_items_toxic": ["pesticide_treated_leaves"],
    "food_size_max_inches": 4.0,
    "food_size_ratio": 1.0,
    "feeding_method": "browser",
    "feeding_location": "arboreal",
    "feeding_time": "nocturnal",
    "meals_per_day": 0,
    "food_amount_description": "Fresh leaves available continuously. Replace weekly or when dry. Place stems in water (cover water to prevent drowning). Ensure leaves are pesticide-free.",
    "fasting_tolerance_days": 5,
    "starvation_days": 10,
    "hunger_rate_per_hour": 1.5,
    "satiation_threshold": 100,
    "requires_live_food": false,
    "accepts_frozen": false,
    "accepts_prepared": false,
    "gut_loading_beneficial": false,
    "supplements_required": [],
    "supplement_frequency": "never",
    "hunting_style": "none",
    "hunting_success_rate": 0,
    "stalking_distance_inches": 0,
    "strike_distance_inches": 0,
    "strike_method": null,
    "strike_speed_ms": 0,
    "prey_detection_range_inches": 0,
    "prey_detection_method": [],
    "will_eat_dead": false,
    "will_eat_own_species": false,
    "will_eat_eggs": false,
    "will_eat_young": false
  },

  "social": {
    "social_type": "flexible",
    "social_description": "Can be kept singly or in groups. Communal and non-aggressive. Multiple individuals can share same food plants peacefully.",
    "min_group_size": 1,
    "max_group_size": 50,
    "ideal_group_size": 5,
    "sex_ratio": "all_female",
    "sex_ratio_flexible": false,
    "hierarchy_type": "none",
    "hierarchy_description": null,
    "can_house_same_sex": true,
    "same_sex_aggression": "none",
    "male_male_aggression": "none",
    "female_female_aggression": "none",
    "territorial": false,
    "territory_size_sqft": 0,
    "territory_type": "none",
    "territory_markers": [],
    "defends_territory_against": [],
    "territory_overlap_tolerance": 1.0,
    "schooling_behavior": false,
    "schooling_tightness": "none",
    "shoaling_minimum": null,
    "prefers_conspecifics": false,
    "stress_when_alone": false,
    "stress_when_crowded": false,
    "crowding_threshold": 100,
    "recognition_individual": false,
    "pair_bonding": false,
    "pair_bond_duration": null,
    "mourns_mate_death": false,
    "mourning_duration_days": 0,
    "alloparenting": false
  },

  "reproduction": {
    "reproduction_type": "parthenogenic",
    "sexual_maturity_days": 120,
    "breeding_difficulty": "easy",
    "breeding_frequency": "continuous",
    "breeding_season": "year_round",
    "breeding_triggers": ["maturity"],
    "breeding_trigger_details": "Parthenogenetic - females reproduce without males. Adult females lay unfertilized eggs continuously that hatch into female clones. Very prolific - can quickly overrun enclosure.",
    "courtship_behavior": false,
    "courtship_description": null,
    "courtship_duration_hours": 0,
    "courtship_initiator": null,
    "mating_display": false,
    "mating_display_description": null,
    "mating_aggression": "none",
    "clutch_size_min": 100,
    "clutch_size_max": 500,
    "clutch_size_average": 300,
    "clutches_per_year": 1,
    "egg_location": "dropped_to_floor",
    "egg_description": "Small seed-like eggs dropped to substrate continuously. Resemble plant seeds. Can be difficult to distinguish from droppings.",
    "egg_incubation_days": 120,
    "egg_incubation_temp_f": 72,
    "egg_care": "none",
    "egg_guarding": false,
    "larvae_stage": false,
    "larvae_type": "nymph",
    "larvae_duration_days": 0,
    "larvae_care": "none",
    "larvae_transport": false,
    "larvae_transport_description": null,
    "larvae_food": ["bramble_leaves"],
    "larvae_cannibalistic": false,
    "metamorphosis": false,
    "metamorphosis_days": 0,
    "live_birth": false,
    "gestation_days": 0,
    "parental_care_type": "none",
    "parental_care_duration_days": 0,
    "offspring_survival_rate": 0.5,
    "will_breed_in_captivity": true
  },

  "behavior": {
    "activity_pattern": "nocturnal",
    "active_hours_start": 18,
    "active_hours_end": 6,
    "activity_level": "low",
    "activity_description": "Extremely still during day, may sway like twig in breeze. Most active at dawn and dusk - moving around, eating. Nocturnal feeders.",
    "movement_style": "walk",
    "movement_styles_all": ["walk", "climb"],
    "movement_speed_slow": 0.01,
    "movement_speed_normal": 0.03,
    "movement_speed_fast": 0.08,
    "can_climb": true,
    "climb_surfaces": ["plants", "branches", "mesh", "glass"],
    "can_swim": false,
    "swim_ability": "none",
    "can_jump": false,
    "jump_height_inches": 0,
    "jump_distance_inches": 0,
    "can_burrow": false,
    "burrow_depth_inches": 0,
    "can_fly": false,
    "can_glide": false,
    "arboreal": true,
    "terrestrial": false,
    "aquatic": false,
    "fossorial": false,
    "preferred_zone": "high",
    "zone_usage": {"ground": 5, "low": 15, "mid": 30, "high": 50},
    "time_in_water_percent": 0,
    "basking_behavior": false,
    "basking_duration_hours": 0,
    "hiding_behavior": "none",
    "time_hidden_percent": 0,
    "hide_triggers": [],
    "preferred_hides": [],
    "sleep_location": "branch",
    "sleep_position": "hanging_vertical",
    "sleep_duration_hours": 14,
    "exploration_tendency": "low",
    "curiosity_level": "low",
    "investigates_new_objects": false,
    "boldness_baseline": "moderate",
    "intelligence_level": "instinct_only",
    "can_learn": false,
    "learning_examples": [],
    "recognizes_keeper": false,
    "trainable": false,
    "plays": false
  },

  "stress": {
    "stress_baseline": 15,
    "stress_threshold_low": 35,
    "stress_threshold_high": 65,
    "stress_fatal_threshold": 90,
    "stress_recovery_rate": 3.0,
    "stress_indicators_visual": ["loss_of_limbs", "refusing_to_eat"],
    "stress_indicators_behavioral": ["constant_movement", "unable_to_molt"],
    "stress_sources": {
      "low_humidity": {"threshold": 40, "stress_per_hour": 5},
      "high_temperature": {"threshold": 90, "stress_per_hour": 8},
      "low_temperature": {"threshold": 55, "stress_per_hour": 5},
      "no_food_3d": {"stress_per_hour": 8},
      "handling": {"stress_per_hour": 3, "duration_hours": 1},
      "insufficient_height": {"stress_per_hour": 5},
      "rapid_temp_change": {"stress_per_hour": 10}
    },
    "hardiness": "hardy",
    "disease_susceptibility": "low",
    "common_diseases": [],
    "disease_symptoms": {},
    "quarantine_recommended": false,
    "quarantine_duration_days": 0,
    "acclimation_time_hours": 2,
    "acclimation_method": "direct_introduction",
    "drip_acclimate": false,
    "sensitive_to_chemicals": true,
    "chemical_sensitivities": ["pesticides", "traffic_fumes"],
    "molting": true,
    "molt_frequency_days": 21,
    "molt_signs": ["hanging_vertical", "reduced_eating"],
    "molt_vulnerability": true,
    "molt_vulnerability_hours": 24,
    "regeneration": true,
    "regenerates_parts": ["legs"],
    "venomous": false,
    "venom_potency": "none",
    "venom_delivery": "none",
    "venom_effects": [],
    "poisonous": false,
    "poison_potency": "none",
    "poison_notes": null,
    "dangerous_to_humans": false,
    "hp_max": 25,
    "hp_regeneration_per_hour": 1
  },

  "personality_ranges": {
    "boldness_min": 0.2,
    "boldness_max": 0.5,
    "boldness_default": 0.35,
    "aggression_min": 0.0,
    "aggression_max": 0.0,
    "aggression_default": 0.0,
    "activity_min": 0.1,
    "activity_max": 0.3,
    "activity_default": 0.2,
    "curiosity_min": 0.1,
    "curiosity_max": 0.3,
    "curiosity_default": 0.2
  },

  "compatibility": [
    {
      "target_species_id": "mourning_gecko",
      "target_species_name": "Mourning Gecko",
      "interaction_type": "prey",
      "relationship_description": "Prey item for geckos",
      "can_cohabitate": true,
      "cohabitation_risk": "medium",
      "cohabitation_notes": "Will be eaten by geckos. Good feeder due to slow movement and harmlessness.",
      "is_predator": false,
      "is_prey": true,
      "prey_preference": "high",
      "predation_rate": 0.8,
      "will_attack": false,
      "will_kill": false,
      "attack_triggers": [],
      "avoidance_distance_inches": 0,
      "competition_for": [],
      "aggression_level": "none",
      "symbiosis_type": null,
      "symbiosis_benefits_received": [],
      "symbiosis_benefits_provided": []
    },
    {
      "target_species_id": "springtails",
      "target_species_name": "Springtails",
      "interaction_type": "neutral",
      "relationship_description": "No interaction - occupy different niches",
      "can_cohabitate": true,
      "cohabitation_risk": "none",
      "cohabitation_notes": "Excellent pairing - stick insects arboreal, springtails ground-level",
      "is_predator": false,
      "is_prey": false,
      "prey_preference": "none",
      "predation_rate": 0,
      "will_attack": false,
      "will_kill": false,
      "attack_triggers": [],
      "avoidance_distance_inches": 0,
      "competition_for": [],
      "aggression_level": "none",
      "symbiosis_type": null,
      "symbiosis_benefits_received": [],
      "symbiosis_benefits_provided": []
    }
  ],

  "aggression": {
    "aggression_baseline": "peaceful",
    "aggression_same_species": "none",
    "aggression_similar_species": "none",
    "aggression_dissimilar_species": "none",
    "triggers_aggression": [],
    "attack_damage": 0,
    "attack_speed": 0,
    "attack_range_inches": 0,
    "attack_method": null,
    "attack_description": null,
    "defense_method": ["play_dead", "camouflage", "autotomy"],
    "defense_description": "Plays dead (thanatosis) by tucking in all limbs to look exactly like a stick. Can shed legs if grabbed (autotomy). Excellent camouflage.",
    "threat_display": false,
    "threat_display_description": null,
    "retreats_when_outmatched": false,
    "retreat_health_threshold": 1.0,
    "fights_to_death": false,
    "armor": 0
  },

  "communication": {
    "vocalizes": false,
    "vocalization_types": [],
    "vocalization_descriptions": {},
    "vocalization_volume": "silent",
    "call_frequency": null,
    "call_time": null,
    "call_triggers": [],
    "call_attracts": [],
    "visual_signals": ["swaying_motion"],
    "visual_signal_descriptions": {"swaying_motion": "Mimics twig blowing in wind"},
    "chemical_signals": false,
    "pheromone_types": [],
    "tactile_signals": [],
    "electric_signals": false
  },

  "special_abilities": {
    "abilities": [
      {
        "ability_id": "thanatosis",
        "ability_name": "Play Dead",
        "description": "Tucks in all limbs and remains motionless, appearing exactly like a twig",
        "effect": "predator_evasion"
      },
      {
        "ability_id": "twig_camouflage",
        "ability_name": "Twig Mimicry",
        "description": "Body shape, color, and texture perfectly mimics a twig or small branch",
        "effect": "camouflage"
      },
      {
        "ability_id": "limb_autotomy",
        "ability_name": "Leg Autotomy",
        "description": "Can voluntarily shed legs to escape predators, legs can regenerate over subsequent molts",
        "effect": "escape_mechanism"
      },
      {
        "ability_id": "parthenogenesis",
        "ability_name": "Virgin Birth",
        "description": "Females reproduce without males, laying fertile eggs that develop into female clones",
        "effect": "asexual_reproduction"
      }
    ],
    "unique_behaviors": ["twig_swaying", "thanatosis", "parthenogenesis"],
    "camouflage": true,
    "camouflage_type": "mimicry",
    "camouflage_effectiveness": 0.95,
    "mimicry": true,
    "mimics_what": "twig",
    "bioluminescent": false,
    "bioluminescence_color": null,
    "fluorescent": false,
    "fluorescent_under_uv": false,
    "color_change": true,
    "color_change_triggers": ["environment", "molting"],
    "autotomy": true,
    "autotomy_part": "legs",
    "escape_artist": false,
    "escape_methods": []
  },

  "animations": {
    "animation_rig_type": "invertebrate_multi_leg",
    "animations_idle": ["standing_still", "swaying", "antennae_wave"],
    "animations_locomotion": ["slow_walk", "climb"],
    "animations_feeding": ["leaf_eating", "mandible_movement"],
    "animations_hunting": [],
    "animations_social": [],
    "animations_combat": [],
    "animations_stress": ["play_dead", "leg_autotomy"],
    "animations_rest": ["hanging_vertical", "perched_on_branch"],
    "animations_reproduction": ["egg_dropping"],
    "animations_special": ["molting", "thanatosis_curl", "twig_sway"],
    "animations_death": ["fall", "curl", "still"],
    "animation_notes": "Key feature is remarkable twig camouflage - body must look exactly like a stick. Swaying motion mimics wind. Very slow deliberate movement. Hangs vertically to molt. Pink coloration under forelegs visible when moving.",
    "sound_effects": ["leaf_rustle", "egg_drop"],
    "particle_effects": []
  },

  "category_specific": {
    "invert_type": "arthropod",
    "molts": true,
    "molt_frequency_days": 21,
    "molt_vulnerability_hours": 24,
    "eats_own_molt": false,
    "exoskeleton": true,
    "needs_shells": false,
    "shell_fighting": false,
    "segments": 11,
    "legs": 6,
    "claws": false,
    "antennae": true,
    "limb_regeneration": true,
    "regeneration_molts": 3,
    "filter_feeder": false,
    "detritivore": false,
    "algae_eater": false,
    "algae_types_eaten": [],
    "cleanup_crew_rating": "none",
    "reef_safe_invert": false
  }
}
