{
  "meta": {
    "schema_version": "1.0",
    "created": "2026-02-03",
    "updated": "2026-02-03",
    "author": "Claude",
    "status": "complete"
  },
  "identity": {
    "id": "stick_insects_large",
    "common_name": "Giant Prickly Stick Insect",
    "scientific_name": "Extatosoma tiaratum",
    "family": "Phasmatidae",
    "category": "invertebrate",
    "subcategory": "phasmid",
    "tier_unlock": 2,
    "difficulty": "easy",
    "price": 35,
    "rarity": "common",
    "description": "A large, spectacular stick insect covered with thorn-like spines and lobed legs that mimic leaves. Famous for its scorpion mimicry defense posture and ant-mimic nymphs.",
    "real_world_notes": "Also called Macleay's Spectre or Australian Walking Stick. Native to Australia and New Guinea. Nymphs hatch black and orange, mimicking fire ants - their eggs are actually collected and stored by ants! Females can reproduce parthenogenetically. One of the most popular pet stick insects worldwide.",
    "warnings": []
  },
  "physical": {
    "size_adult_inches": 6.0,
    "size_juvenile_inches": 0.5,
    "size_min_inches": 5.0,
    "size_max_inches": 8.0,
    "growth_rate": "medium",
    "time_to_maturity_days": 150,
    "lifespan_years_min": 0.8,
    "lifespan_years_max": 1.5,
    "weight_grams": 25,
    "body_shape": "elongated",
    "body_description": "Thick, bulky body covered with thorn-like spines. Legs have large lobes that resemble leaves. Females massive and wingless, males slender with functional wings.",
    "colors_primary": ["brown", "tan"],
    "colors_secondary": ["green", "cream", "dark_brown"],
    "pattern": "mottled",
    "pattern_description": "Variable coloration from light brown to dark brown, some individuals develop green or cream patches. Rare 'lichen' morph is white-green.",
    "sexual_dimorphism": true,
    "dimorphism_details": "Extreme dimorphism. Females 15cm+, thick, bulky, wingless, heavily spined. Males 11-13cm, slender, smooth, long wings enable flight. Males much thinner with fewer spines.",
    "morphs": ["brown", "green", "lichen", "dark_brown", "cream"],
    "morph_details": {
      "brown": {"rarity": "common", "notes": "Standard light to medium brown"},
      "green": {"rarity": "uncommon", "notes": "Greenish coloration"},
      "lichen": {"rarity": "very_rare", "notes": "White to white-green with black highlights - highly sought after"},
      "dark_brown": {"rarity": "common", "notes": "Dark brown coloration"},
      "cream": {"rarity": "uncommon", "notes": "Pale cream/yellowish"}
    }
  },
  "environment": {
    "environment_type": ["terrestrial"],
    "biome": "tropical_rainforest",
    "origin": "Australia, New Guinea",
    "min_enclosure_gallons": 10,
    "min_enclosure_tier": 2,
    "floor_space_sqft": 0.75,
    "height_requirement": "high",
    "vertical_space_needed": true,
    "substrate_type": ["paper_towel", "coconut_fiber", "soil"],
    "substrate_depth_inches": 2,
    "water_feature_required": false,
    "water_feature_type": "none",
    "water_depth_inches": 0,
    "humidity_range_min": 60,
    "humidity_range_max": 80,
    "humidity_ideal": 70,
    "humidity_fatal_low": 40,
    "temperature_range_min_f": 64,
    "temperature_range_max_f": 86,
    "temperature_ideal_f": 75,
    "temperature_fatal_low_f": 55,
    "temperature_fatal_high_f": 95,
    "temperature_basking_f": null,
    "light_level": "medium",
    "light_hours": 12,
    "uvb_required": false,
    "uvb_strength": 0,
    "air_flow": "medium",
    "hides_required": 0,
    "climbing_surfaces": true,
    "plants_required": true,
    "plant_density": "moderate",
    "leaf_litter_required": false,
    "branches_required": true,
    "special_requirements": ["tall_enclosure", "mesh_ceiling", "food_plant_branches"]
  },
  "water_parameters": null,
  "diet": {
    "diet_type": "herbivore",
    "diet_description": "Feeds exclusively on leaves. Native food is eucalyptus, but accepts many common plants.",
    "food_items_primary": ["bramble_leaves", "oak_leaves", "eucalyptus_leaves"],
    "food_items_secondary": ["raspberry_leaves", "rose_leaves", "hawthorn_leaves", "hazel_leaves"],
    "food_items_treats": ["guava_leaves"],
    "food_items_toxic": ["pesticide_treated_plants"],
    "food_size_max_inches": null,
    "food_size_ratio": null,
    "feeding_method": "browser",
    "feeding_location": "elevated",
    "feeding_time": "nocturnal",
    "meals_per_day": 0,
    "food_amount_description": "Continuous access to fresh leaves. Replace every 3-5 days.",
    "fasting_tolerance_days": 10,
    "starvation_days": 21,
    "hunger_rate_per_hour": 1.0,
    "satiation_threshold": 80,
    "requires_live_food": false,
    "accepts_frozen": false,
    "accepts_prepared": false,
    "gut_loading_beneficial": false,
    "supplements_required": [],
    "supplement_frequency": null,
    "hunting_style": "none",
    "hunting_success_rate": null,
    "stalking_distance_inches": null,
    "strike_distance_inches": null,
    "strike_method": null,
    "strike_speed_ms": null,
    "prey_detection_range_inches": null,
    "prey_detection_method": [],
    "will_eat_dead": false,
    "will_eat_own_species": false,
    "will_eat_eggs": false,
    "will_eat_young": false
  },
  "social": {
    "social_type": "loose_group",
    "social_description": "Can be kept in groups with adequate space. Not aggressive toward each other.",
    "min_group_size": 1,
    "max_group_size": 10,
    "ideal_group_size": 4,
    "sex_ratio": "1m:2f",
    "sex_ratio_flexible": true,
    "hierarchy_type": "none",
    "hierarchy_description": null,
    "can_house_same_sex": true,
    "same_sex_aggression": "none",
    "male_male_aggression": "none",
    "female_female_aggression": "none",
    "territorial": false,
    "territory_size_sqft": 0,
    "territory_type": "none",
    "territory_markers": [],
    "defends_territory_against": [],
    "territory_overlap_tolerance": 1.0,
    "schooling_behavior": false,
    "schooling_tightness": "none",
    "shoaling_minimum": null,
    "prefers_conspecifics": false,
    "stress_when_alone": false,
    "stress_when_crowded": true,
    "crowding_threshold": 15,
    "recognition_individual": false,
    "pair_bonding": false,
    "pair_bond_duration": null,
    "mourns_mate_death": false,
    "mourning_duration_days": 0,
    "alloparenting": false
  },
  "reproduction": {
    "reproduction_type": "egg_layer",
    "sexual_maturity_days": 150,
    "breeding_difficulty": "easy",
    "breeding_frequency": "continuous_when_adult",
    "breeding_season": "year_round",
    "breeding_triggers": ["maturity"],
    "breeding_trigger_details": "Females begin laying eggs soon after reaching adulthood. Can reproduce with or without males.",
    "courtship_behavior": false,
    "courtship_description": "Minimal courtship. Males simply mount females.",
    "courtship_duration_hours": 0,
    "courtship_initiator": "male",
    "mating_display": false,
    "mating_display_description": null,
    "mating_aggression": "none",
    "clutch_size_min": 1,
    "clutch_size_max": 12,
    "clutch_size_average": 6,
    "clutches_per_year": 150,
    "egg_location": "ground",
    "egg_description": "Round, seed-like eggs with a prominent knob (capitulum). Females catapult eggs with whip-like abdomen motion.",
    "egg_incubation_days": 120,
    "egg_incubation_temp_f": 77,
    "egg_care": "none",
    "egg_guarding": false,
    "larvae_stage": false,
    "larvae_type": null,
    "larvae_duration_days": null,
    "larvae_care": "none",
    "larvae_transport": false,
    "larvae_transport_description": null,
    "larvae_food": [],
    "larvae_cannibalistic": false,
    "metamorphosis": true,
    "metamorphosis_days": 0,
    "live_birth": false,
    "gestation_days": null,
    "parental_care_type": "none",
    "parental_care_duration_days": 0,
    "offspring_survival_rate": 0.5,
    "will_breed_in_captivity": true
  },
  "behavior": {
    "activity_pattern": "nocturnal",
    "active_hours_start": 18,
    "active_hours_end": 6,
    "activity_level": "low",
    "activity_description": "Mostly sedentary during day, more active feeding at night. Characteristic swaying motion mimics wind-blown vegetation.",
    "movement_style": "walk",
    "movement_styles_all": ["walk", "climb", "fly"],
    "movement_speed_slow": 0.05,
    "movement_speed_normal": 0.1,
    "movement_speed_fast": 0.3,
    "can_climb": true,
    "climb_surfaces": ["plants", "mesh", "bark", "branches"],
    "can_swim": false,
    "swim_ability": "none",
    "can_jump": false,
    "jump_height_inches": 0,
    "jump_distance_inches": 0,
    "can_burrow": false,
    "burrow_depth_inches": 0,
    "can_fly": true,
    "can_glide": false,
    "arboreal": true,
    "terrestrial": false,
    "aquatic": false,
    "fossorial": false,
    "preferred_zone": "high",
    "zone_usage": {"ground": 5, "low": 10, "mid": 30, "high": 55},
    "time_in_water_percent": 0,
    "basking_behavior": false,
    "basking_duration_hours": 0,
    "hiding_behavior": "none",
    "time_hidden_percent": 0,
    "hide_triggers": [],
    "preferred_hides": [],
    "sleep_location": "branch",
    "sleep_position": "hanging_from_branch",
    "sleep_duration_hours": 12,
    "exploration_tendency": "low",
    "curiosity_level": "low",
    "investigates_new_objects": false,
    "boldness_baseline": "moderate",
    "intelligence_level": "instinct_only",
    "can_learn": false,
    "learning_examples": [],
    "recognizes_keeper": false,
    "trainable": false,
    "plays": false
  },
  "stress": {
    "stress_baseline": 15,
    "stress_threshold_low": 35,
    "stress_threshold_high": 65,
    "stress_fatal_threshold": 90,
    "stress_recovery_rate": 4.0,
    "stress_indicators_visual": ["scorpion_pose", "falling", "not_eating"],
    "stress_indicators_behavioral": ["refusing_food", "constant_movement"],
    "stress_sources": {
      "low_humidity": {"threshold": 50, "stress_per_hour": 4},
      "high_temperature": {"threshold": 90, "stress_per_hour": 5},
      "low_temperature": {"threshold": 60, "stress_per_hour": 4},
      "no_food_plants": {"stress_per_hour": 5},
      "handling": {"stress_per_hour": 3, "duration_hours": 1}
    },
    "hardiness": "hardy",
    "disease_susceptibility": "low",
    "common_diseases": ["failed_molt", "dehydration"],
    "disease_symptoms": {
      "failed_molt": ["stuck_exoskeleton", "deformed_limbs"],
      "dehydration": ["shriveled_appearance"]
    },
    "quarantine_recommended": false,
    "quarantine_duration_days": 0,
    "acclimation_time_hours": 2,
    "acclimation_method": "direct_introduction",
    "drip_acclimate": false,
    "sensitive_to_chemicals": true,
    "chemical_sensitivities": ["pesticides", "chlorine"],
    "molting": true,
    "molt_frequency_days": 25,
    "molt_signs": ["not_eating", "dull_color", "hanging_still"],
    "molt_vulnerability": true,
    "molt_vulnerability_hours": 48,
    "regeneration": true,
    "regenerates_parts": ["legs"],
    "venomous": false,
    "venom_potency": "none",
    "venom_delivery": "none",
    "venom_effects": [],
    "poisonous": false,
    "poison_potency": "none",
    "poison_notes": "Produces a defensive spray with toffee-like smell, harmless to humans",
    "dangerous_to_humans": false,
    "hp_max": 100,
    "hp_regeneration_per_hour": 4
  },
  "personality_ranges": {
    "boldness_min": 0.3,
    "boldness_max": 0.6,
    "boldness_default": 0.45,
    "aggression_min": 0.0,
    "aggression_max": 0.1,
    "aggression_default": 0.05,
    "activity_min": 0.2,
    "activity_max": 0.5,
    "activity_default": 0.35,
    "curiosity_min": 0.1,
    "curiosity_max": 0.3,
    "curiosity_default": 0.2
  },
  "compatibility": [
    {
      "target_species_id": "leaf_insects_small",
      "target_species_name": "Leaf Insect",
      "interaction_type": "aggressive",
      "relationship_description": "CANNOT cohabitate - will eat leaf insects",
      "can_cohabitate": false,
      "cohabitation_risk": "extreme",
      "cohabitation_notes": "Stick insects will eat leaf insects even when food is abundant",
      "is_predator": true,
      "is_prey": false,
      "prey_preference": "medium",
      "predation_rate": 0.9,
      "will_attack": true,
      "will_kill": true,
      "attack_triggers": ["proximity"],
      "avoidance_distance_inches": 0,
      "competition_for": ["food"],
      "aggression_level": "high",
      "symbiosis_type": null,
      "symbiosis_benefits_received": [],
      "symbiosis_benefits_provided": []
    },
    {
      "target_species_id": "stick_insects_large",
      "target_species_name": "Giant Prickly Stick Insect",
      "interaction_type": "neutral",
      "relationship_description": "Can be kept in groups, not aggressive to each other",
      "can_cohabitate": true,
      "cohabitation_risk": "none",
      "cohabitation_notes": "Peaceful in groups with adequate food",
      "is_predator": false,
      "is_prey": false,
      "prey_preference": "none",
      "predation_rate": 0,
      "will_attack": false,
      "will_kill": false,
      "attack_triggers": [],
      "avoidance_distance_inches": 0,
      "competition_for": ["food"],
      "aggression_level": "none",
      "symbiosis_type": null,
      "symbiosis_benefits_received": [],
      "symbiosis_benefits_provided": []
    },
    {
      "target_species_id": "springtails",
      "target_species_name": "Springtails",
      "interaction_type": "neutral",
      "relationship_description": "Beneficial cleanup crew",
      "can_cohabitate": true,
      "cohabitation_risk": "none",
      "cohabitation_notes": "Springtails help clean enclosure",
      "is_predator": false,
      "is_prey": false,
      "prey_preference": "none",
      "predation_rate": 0,
      "will_attack": false,
      "will_kill": false,
      "attack_triggers": [],
      "avoidance_distance_inches": 0,
      "competition_for": [],
      "aggression_level": "none",
      "symbiosis_type": "commensal",
      "symbiosis_benefits_received": ["waste_cleanup"],
      "symbiosis_benefits_provided": []
    }
  ],
  "aggression": {
    "aggression_baseline": "peaceful",
    "aggression_same_species": "none",
    "aggression_similar_species": "none",
    "aggression_dissimilar_species": "none",
    "triggers_aggression": [],
    "attack_damage": 2,
    "attack_speed": 0.1,
    "attack_range_inches": 1,
    "attack_method": "pinch",
    "attack_description": "Rear leg spines can pinch when defending, may puncture human skin",
    "defense_method": ["scorpion_pose", "spray", "flee"],
    "defense_description": "Curls abdomen over back and bends forelegs to mimic scorpion. Can spray defensive chemical with toffee smell.",
    "threat_display": true,
    "threat_display_description": "Scorpion mimicry pose with curled abdomen and raised forelegs",
    "retreats_when_outmatched": true,
    "retreat_health_threshold": 0.9,
    "fights_to_death": false,
    "armor": 0.2
  },
  "communication": {
    "vocalizes": true,
    "vocalization_types": ["clicking"],
    "vocalization_descriptions": {
      "clicking": "Adults can make clicking sounds when disturbed"
    },
    "vocalization_volume": "quiet",
    "call_frequency": "when_disturbed",
    "call_time": null,
    "call_triggers": ["threat"],
    "call_attracts": [],
    "visual_signals": ["scorpion_pose", "swaying"],
    "visual_signal_descriptions": {
      "scorpion_pose": "Abdomen curled over back mimicking scorpion",
      "swaying": "Side-to-side motion mimicking wind-blown foliage"
    },
    "chemical_signals": true,
    "pheromone_types": ["sex_pheromone", "defense_spray"],
    "tactile_signals": [],
    "electric_signals": false
  },
  "special_abilities": [
    {
      "ability_id": "scorpion_mimicry",
      "ability_name": "Scorpion Mimicry",
      "description": "When threatened, curls abdomen and bends legs to resemble a scorpion",
      "effect": "predator_deterrent"
    },
    {
      "ability_id": "defensive_spray",
      "ability_name": "Chemical Defense Spray",
      "description": "Releases colorless spray with toffee-like smell to deter predators",
      "effect": "predator_deterrent"
    },
    {
      "ability_id": "parthenogenesis",
      "ability_name": "Parthenogenesis",
      "description": "Females can reproduce without males, producing all-female offspring",
      "effect": "reproduction_without_mate"
    },
    {
      "ability_id": "ant_mimic_nymphs",
      "ability_name": "Ant Mimicry (Nymphs)",
      "description": "Newly hatched nymphs are black/orange and mimic Leptomyrmex ants",
      "effect": "predator_evasion"
    },
    {
      "ability_id": "egg_catapult",
      "ability_name": "Egg Catapult",
      "description": "Females fling eggs away at 2.7 m/s, landing up to 2 meters away",
      "effect": "egg_dispersal"
    }
  ],
  "animations": {
    "animation_rig_type": "invertebrate_multi_leg",
    "animations_idle": ["gentle_sway", "stillness", "antennae_movement"],
    "animations_locomotion": ["slow_walk", "climb", "fly"],
    "animations_feeding": ["leaf_bite", "mandible_chew"],
    "animations_hunting": [],
    "animations_social": [],
    "animations_combat": ["scorpion_pose", "leg_pinch"],
    "animations_stress": ["scorpion_pose", "spray", "flee"],
    "animations_rest": ["hang_from_branch", "stillness"],
    "animations_reproduction": ["egg_catapult", "mount"],
    "animations_special": ["wind_sway", "nymph_ant_mimic"],
    "animations_death": ["fall", "curl", "still"],
    "animation_notes": "Characteristic swaying motion mimics foliage in wind. Egg-flicking is distinctive whip-like abdomen motion. Nymphs have fast, ant-like movement.",
    "sound_effects": ["click", "spray_hiss", "leaf_rustle"],
    "particle_effects": ["defense_spray"]
  },
  "category_specific": {
    "invert_type": "arthropod",
    "molts": true,
    "molt_frequency_days": 25,
    "molt_vulnerability_hours": 48,
    "eats_own_molt": false,
    "exoskeleton": true,
    "needs_shells": false,
    "shell_fighting": false,
    "segments": 3,
    "legs": 6,
    "claws": false,
    "antennae": true,
    "limb_regeneration": true,
    "regeneration_molts": 2,
    "filter_feeder": false,
    "detritivore": false,
    "algae_eater": false,
    "algae_types_eaten": [],
    "cleanup_crew_rating": "none",
    "reef_safe_invert": false
  }
}
