{
  "last_updated": "2026-02-03",
  "total_species_planned": 503,
  "total_species_complete": 18,
  "completion_percentage": 3.6,
  
  "categories": {
    "terrestrial": {
      "cleanup_crew": {
        "total": 9,
        "complete": 9,
        "species": [
          {"id": "springtails", "status": "complete"},
          {"id": "dwarf_white_isopods", "status": "complete"},
          {"id": "powder_blue_isopods", "status": "complete"},
          {"id": "powder_orange_isopods", "status": "complete"},
          {"id": "dairy_cow_isopods", "status": "complete"},
          {"id": "zebra_isopods", "status": "complete"},
          {"id": "rubber_ducky_isopods", "status": "complete"},
          {"id": "giant_canyon_isopods", "status": "complete"},
          {"id": "giant_orange_isopods", "status": "complete"}
        ]
      },
      "invertebrates": {
        "total": 18,
        "complete": 9,
        "species": [
          {"id": "stick_insects_small", "status": "complete"},
          {"id": "leaf_insects_small", "status": "complete"},
          {"id": "ghost_mantis", "status": "complete"},
          {"id": "dead_leaf_mantis", "status": "complete"},
          {"id": "stick_insects_large", "status": "complete"},
          {"id": "leaf_insects_large", "status": "complete"},
          {"id": "bumblebee_millipede", "status": "complete"},
          {"id": "orchid_mantis", "status": "complete"},
          {"id": "giant_asian_mantis", "status": "complete"},
          {"id": "pink_toe_tarantula", "status": "pending"},
          {"id": "curly_hair_tarantula", "status": "pending"},
          {"id": "emperor_scorpion", "status": "pending"},
          {"id": "whip_spider", "status": "pending"},
          {"id": "hercules_beetle", "status": "pending"},
          {"id": "giant_african_millipede", "status": "pending"},
          {"id": "mexican_red_knee_tarantula", "status": "pending"},
          {"id": "green_bottle_blue_tarantula", "status": "pending"},
          {"id": "giant_centipede", "status": "pending"}
        ]
      },
      "amphibians": {
        "dart_frogs": {"total": 8, "complete": 0},
        "tree_frogs": {"total": 7, "complete": 0},
        "other": {"total": 11, "complete": 0}
      },
      "reptiles": {
        "geckos": {"total": 10, "complete": 0},
        "chameleons": {"total": 5, "complete": 0},
        "anoles_lizards": {"total": 6, "complete": 0},
        "snakes": {"total": 4, "complete": 0}
      },
      "birds": {"total": 8, "complete": 0},
      "mammals": {"total": 4, "complete": 0},
      "plants": {"total": 26, "complete": 0}
    },
    "freshwater": {
      "fish": {
        "nano_community": {"total": 31, "complete": 0},
        "cichlids": {"total": 12, "complete": 0},
        "large": {"total": 12, "complete": 0}
      },
      "invertebrates": {"total": 17, "complete": 0},
      "plants": {"total": 29, "complete": 0}
    },
    "brackish": {"total": 18, "complete": 0},
    "saltwater": {
      "fish": {
        "beginner": {"total": 15, "complete": 0},
        "intermediate": {"total": 21, "complete": 0},
        "advanced": {"total": 27, "complete": 0},
        "specialty": {"total": 16, "complete": 0}
      },
      "invertebrates": {
        "cleanup_crew": {"total": 22, "complete": 0},
        "display": {"total": 24, "complete": 0}
      },
      "anemones": {"total": 11, "complete": 0},
      "corals": {
        "soft": {"total": 16, "complete": 0},
        "lps": {"total": 22, "complete": 0},
        "sps": {"total": 17, "complete": 0},
        "nps": {"total": 5, "complete": 0}
      }
    }
  },
  
  "sessions": [
    {
      "date": "2026-02-03",
      "batch": 1,
      "species_completed": ["springtails", "dwarf_white_isopods"],
      "notes": "Initial batch with full research validation"
    },
    {
      "date": "2026-02-03", 
      "batch": 2,
      "species_completed": ["powder_blue_isopods", "dairy_cow_isopods", "zebra_isopods", "rubber_ducky_isopods"],
      "notes": "Second batch - cleanup crew continuation"
    },
    {
      "date": "2026-02-03",
      "batch": 3,
      "species_completed": ["powder_orange_isopods", "giant_canyon_isopods", "giant_orange_isopods", "stick_insects_small"],
      "notes": "Post-compaction batch - completed remaining cleanup crew + first display invertebrate"
    },
    {
      "date": "2026-02-03",
      "batch": 4,
      "species_completed": ["leaf_insects_small", "ghost_mantis", "dead_leaf_mantis", "stick_insects_large", "leaf_insects_large"],
      "notes": "Display invertebrates batch - leaf insects and mantises"
    },
    {
      "date": "2026-02-03",
      "batch": 5,
      "species_completed": ["bumblebee_millipede", "orchid_mantis", "giant_asian_mantis"],
      "notes": "Millipede and advanced mantises"
    }
  ],
  
  "next_batch": [
    "pink_toe_tarantula",
    "curly_hair_tarantula", 
    "emperor_scorpion"
  ]
}
