{
  "meta": {
    "schema_version": "1.0",
    "created": "2026-02-03",
    "updated": "2026-02-03",
    "author": "Claude",
    "status": "complete"
  },

  "identity": {
    "id": "dairy_cow_isopods",
    "common_name": "Dairy Cow Isopods",
    "scientific_name": "Porcellio laevis",
    "family": "Porcellionidae",
    "category": "invertebrate",
    "subcategory": "cleanup_crew",
    "tier_unlock": 2,
    "difficulty": "easy",
    "price": 25,
    "rarity": "common",
    "description": "Large, striking black and white isopods resembling dairy cow markings. Excellent bioactive cleanup crew known for voracious appetite, especially for protein. Fast-moving and prolific breeders.",
    "real_world_notes": "Native to Europe and North Africa, now cosmopolitan. Also called 'swift woodlouse' due to quick bursts of speed when provoked. The 'Dairy Cow' pattern is a piebald mutation from the recessive 'dalmatian gene'. Smooth dorsal surface distinguishes from other Porcellio. First recorded in Britain in 13th century. High protein requirement - may bite reptiles if not adequately fed protein.",
    "warnings": ["may_bite_reptiles_if_protein_deficient"]
  },

  "physical": {
    "size_adult_inches": 0.8,
    "size_juvenile_inches": 0.15,
    "size_min_inches": 0.6,
    "size_max_inches": 1.0,
    "growth_rate": "fast",
    "time_to_maturity_days": 60,
    "lifespan_years_min": 2.0,
    "lifespan_years_max": 3.0,
    "weight_grams": 0.3,
    "body_shape": "flat",
    "body_description": "Large oval body with smooth dorsal surface. Seven segments with seven pairs of jointed legs. Males have long spear-shaped uropods.",
    "colors_primary": ["white", "black"],
    "colors_secondary": [],
    "pattern": "spotted",
    "pattern_description": "Distinctive black and white piebald 'cow' pattern from dalmatian gene mutation",
    "sexual_dimorphism": true,
    "dimorphism_details": "Males have long spear-shaped uropods (tail spikes). Females broader for carrying eggs in marsupium.",
    "morphs": ["orange", "white", "panda", "wild_type"],
    "morph_details": {
      "orange": "Solid orange coloration",
      "white": "Mostly white with minimal markings",
      "panda": "German name for dairy cow pattern",
      "wild_type": "Gray/brown natural coloration"
    }
  },

  "environment": {
    "environment_type": ["terrestrial"],
    "biome": "temperate",
    "origin": "Europe, North Africa",
    "min_enclosure_gallons": 5,
    "min_enclosure_tier": 2,
    "floor_space_sqft": 0.1,
    "height_requirement": "none",
    "vertical_space_needed": false,
    "substrate_type": ["soil", "peat_moss", "coconut_fiber", "leaf_litter"],
    "substrate_depth_inches": 2,
    "water_feature_required": false,
    "water_feature_type": "none",
    "water_depth_inches": 0,
    "humidity_range_min": 40,
    "humidity_range_max": 70,
    "humidity_ideal": 55,
    "humidity_fatal_low": 20,
    "temperature_range_min_f": 60,
    "temperature_range_max_f": 90,
    "temperature_ideal_f": 75,
    "temperature_fatal_low_f": 32,
    "temperature_fatal_high_f": 100,
    "temperature_basking_f": null,
    "light_level": "low",
    "light_hours": 12,
    "uvb_required": false,
    "uvb_strength": 0,
    "air_flow": "medium",
    "hides_required": 2,
    "climbing_surfaces": true,
    "plants_required": false,
    "plant_density": "none",
    "leaf_litter_required": true,
    "branches_required": false,
    "special_requirements": ["cork_bark", "calcium_source", "protein_source", "moisture_gradient"]
  },

  "water_parameters": {
    "water_type": "none",
    "salinity_min": null,
    "salinity_max": null,
    "salinity_ideal": null,
    "ph_min": null,
    "ph_max": null,
    "ph_ideal": null,
    "ammonia_tolerance": null,
    "nitrite_tolerance": null,
    "nitrate_max": null,
    "gh_min": null,
    "gh_max": null,
    "gh_ideal": null,
    "kh_min": null,
    "kh_max": null,
    "kh_ideal": null,
    "temperature_water_min_f": null,
    "temperature_water_max_f": null,
    "temperature_water_ideal_f": null,
    "flow_preference": "none",
    "oxygen_requirement": "low",
    "depth_preference": null,
    "calcium_min": null,
    "calcium_max": null,
    "calcium_ideal": null,
    "alkalinity_min": null,
    "alkalinity_max": null,
    "alkalinity_ideal": null,
    "magnesium_min": null,
    "magnesium_max": null
  },

  "diet": {
    "diet_type": "detritivore",
    "diet_description": "Voracious appetite for decaying matter. Especially fond of protein - will devour shed reptile skin, cricket legs, and mealworm sheds. High protein requirement compared to other isopods.",
    "food_items_primary": ["decaying_leaves", "rotting_wood", "leaf_litter", "detritus"],
    "food_items_secondary": ["dried_minnows", "dried_shrimp", "fish_flakes", "dried_mealworms", "reptile_shed"],
    "food_items_treats": ["carrots", "pumpkin", "squash", "cucumber", "mushrooms"],
    "food_items_toxic": [],
    "food_size_max_inches": 0.5,
    "food_size_ratio": 0.6,
    "feeding_method": "grazer",
    "feeding_location": "ground",
    "feeding_time": "nocturnal",
    "meals_per_day": 0,
    "food_amount_description": "Continuous grazing on leaf litter. Supplement with protein once weekly. Do not overfeed - remove uneaten food within 1-2 days.",
    "fasting_tolerance_days": 14,
    "starvation_days": 30,
    "hunger_rate_per_hour": 0.6,
    "satiation_threshold": 100,
    "requires_live_food": false,
    "accepts_frozen": false,
    "accepts_prepared": true,
    "gut_loading_beneficial": true,
    "supplements_required": ["calcium", "protein"],
    "supplement_frequency": "weekly",
    "hunting_style": "none",
    "hunting_success_rate": 0,
    "stalking_distance_inches": 0,
    "strike_distance_inches": 0,
    "strike_method": null,
    "strike_speed_ms": 0,
    "prey_detection_range_inches": 2,
    "prey_detection_method": ["chemoreception"],
    "will_eat_dead": true,
    "will_eat_own_species": true,
    "will_eat_eggs": false,
    "will_eat_young": false
  },

  "social": {
    "social_type": "colony",
    "social_description": "Highly social, living in large groups under cover. Show virtually no fear and remain focused on feeding even when disturbed.",
    "min_group_size": 10,
    "max_group_size": 5000,
    "ideal_group_size": 50,
    "sex_ratio": "1m:2f",
    "sex_ratio_flexible": true,
    "hierarchy_type": "none",
    "hierarchy_description": null,
    "can_house_same_sex": true,
    "same_sex_aggression": "none",
    "male_male_aggression": "none",
    "female_female_aggression": "none",
    "territorial": false,
    "territory_size_sqft": 0,
    "territory_type": "none",
    "territory_markers": [],
    "defends_territory_against": [],
    "territory_overlap_tolerance": 1.0,
    "schooling_behavior": false,
    "schooling_tightness": "none",
    "shoaling_minimum": null,
    "prefers_conspecifics": true,
    "stress_when_alone": false,
    "stress_when_crowded": false,
    "crowding_threshold": 5000,
    "recognition_individual": false,
    "pair_bonding": false,
    "pair_bond_duration": null,
    "mourns_mate_death": false,
    "mourning_duration_days": 0,
    "alloparenting": false
  },

  "reproduction": {
    "reproduction_type": "live_bearer",
    "sexual_maturity_days": 60,
    "breeding_difficulty": "easy",
    "breeding_frequency": "continuous",
    "breeding_season": "year_round",
    "breeding_triggers": ["warmth", "adequate_moisture", "protein_availability"],
    "breeding_trigger_details": "Extremely prolific breeders. Sub-adults begin breeding before reaching full size. Optimal breeding at room temperature with adequate protein.",
    "courtship_behavior": false,
    "courtship_description": null,
    "courtship_duration_hours": 0,
    "courtship_initiator": null,
    "mating_display": false,
    "mating_display_description": null,
    "mating_aggression": "none",
    "clutch_size_min": 20,
    "clutch_size_max": 50,
    "clutch_size_average": 35,
    "clutches_per_year": 6,
    "egg_location": "marsupium",
    "egg_description": "Eggs develop in marsupium (brood pouch) filled with fluid from mother. Extensive parental care for terrestrial arthropod.",
    "egg_incubation_days": 21,
    "egg_incubation_temp_f": 75,
    "egg_care": "female",
    "egg_guarding": false,
    "larvae_stage": false,
    "larvae_type": "manca",
    "larvae_duration_days": 0,
    "larvae_care": "none",
    "larvae_transport": false,
    "larvae_transport_description": null,
    "larvae_food": [],
    "larvae_cannibalistic": false,
    "metamorphosis": false,
    "metamorphosis_days": 0,
    "live_birth": true,
    "gestation_days": 21,
    "parental_care_type": "marsupium_brooding",
    "parental_care_duration_days": 21,
    "offspring_survival_rate": 0.85,
    "will_breed_in_captivity": true
  },

  "behavior": {
    "activity_pattern": "nocturnal",
    "active_hours_start": 18,
    "active_hours_end": 6,
    "activity_level": "high",
    "activity_description": "Very active feeders. Shy during day, spending most time hidden under cork bark. Much more active at night. Show virtually no fear when disturbed - remain focused on feeding.",
    "movement_style": "crawl",
    "movement_styles_all": ["crawl", "sprint"],
    "movement_speed_slow": 0.02,
    "movement_speed_normal": 0.1,
    "movement_speed_fast": 0.5,
    "can_climb": true,
    "climb_surfaces": ["bark", "wood", "plants", "cork"],
    "can_swim": false,
    "swim_ability": "none",
    "can_jump": false,
    "jump_height_inches": 0,
    "jump_distance_inches": 0,
    "can_burrow": true,
    "burrow_depth_inches": 2,
    "can_fly": false,
    "can_glide": false,
    "arboreal": false,
    "terrestrial": true,
    "aquatic": false,
    "fossorial": false,
    "preferred_zone": "ground",
    "zone_usage": {"underground": 10, "ground": 80, "low": 10},
    "time_in_water_percent": 0,
    "basking_behavior": false,
    "basking_duration_hours": 0,
    "hiding_behavior": "frequent",
    "time_hidden_percent": 70,
    "hide_triggers": ["daylight", "disturbance"],
    "preferred_hides": ["cork_bark", "magnolia_leaves", "rotting_wood"],
    "sleep_location": "ground",
    "sleep_position": "clustered_under_cover",
    "sleep_duration_hours": 12,
    "exploration_tendency": "high",
    "curiosity_level": "medium",
    "investigates_new_objects": true,
    "boldness_baseline": "bold",
    "intelligence_level": "instinct_only",
    "can_learn": false,
    "learning_examples": [],
    "recognizes_keeper": false,
    "trainable": false,
    "plays": false
  },

  "stress": {
    "stress_baseline": 10,
    "stress_threshold_low": 30,
    "stress_threshold_high": 60,
    "stress_fatal_threshold": 90,
    "stress_recovery_rate": 5.0,
    "stress_indicators_visual": ["clustering", "pale_coloration", "reduced_activity"],
    "stress_indicators_behavioral": ["hiding_constantly", "not_eating"],
    "stress_sources": {
      "low_humidity": {"threshold": 30, "stress_per_hour": 8},
      "high_temperature": {"threshold": 95, "stress_per_hour": 10},
      "low_temperature": {"threshold": 50, "stress_per_hour": 5},
      "no_food_7d": {"stress_per_hour": 4},
      "no_protein_14d": {"stress_per_hour": 3},
      "no_calcium": {"stress_per_hour": 2},
      "completely_dry": {"stress_per_hour": 15}
    },
    "hardiness": "hardy",
    "disease_susceptibility": "low",
    "common_diseases": [],
    "disease_symptoms": {},
    "quarantine_recommended": false,
    "quarantine_duration_days": 0,
    "acclimation_time_hours": 1,
    "acclimation_method": "direct_introduction",
    "drip_acclimate": false,
    "sensitive_to_chemicals": true,
    "chemical_sensitivities": ["pesticides", "copper"],
    "molting": true,
    "molt_frequency_days": 14,
    "molt_signs": ["pale_color", "reduced_activity"],
    "molt_vulnerability": true,
    "molt_vulnerability_hours": 12,
    "regeneration": true,
    "regenerates_parts": ["legs", "antennae"],
    "venomous": false,
    "venom_potency": "none",
    "venom_delivery": "none",
    "venom_effects": [],
    "poisonous": false,
    "poison_potency": "none",
    "poison_notes": null,
    "dangerous_to_humans": false,
    "hp_max": 25,
    "hp_regeneration_per_hour": 2
  },

  "personality_ranges": {
    "boldness_min": 0.5,
    "boldness_max": 0.9,
    "boldness_default": 0.7,
    "aggression_min": 0.0,
    "aggression_max": 0.2,
    "aggression_default": 0.1,
    "activity_min": 0.5,
    "activity_max": 0.9,
    "activity_default": 0.7,
    "curiosity_min": 0.3,
    "curiosity_max": 0.6,
    "curiosity_default": 0.45
  },

  "compatibility": [
    {
      "target_species_id": "springtails",
      "target_species_name": "Springtails",
      "interaction_type": "neutral",
      "relationship_description": "Complementary cleanup crew members",
      "can_cohabitate": true,
      "cohabitation_risk": "none",
      "cohabitation_notes": "Work together symbiotically - dairy cows handle larger debris, springtails handle mold",
      "is_predator": false,
      "is_prey": false,
      "prey_preference": "none",
      "predation_rate": 0,
      "will_attack": false,
      "will_kill": false,
      "attack_triggers": [],
      "avoidance_distance_inches": 0,
      "competition_for": ["detritus"],
      "aggression_level": "none",
      "symbiosis_type": "commensal",
      "symbiosis_benefits_received": [],
      "symbiosis_benefits_provided": []
    },
    {
      "target_species_id": "crested_gecko",
      "target_species_name": "Crested Gecko",
      "interaction_type": "prey",
      "relationship_description": "Prey item and cleanup crew for gecko enclosure",
      "can_cohabitate": true,
      "cohabitation_risk": "low",
      "cohabitation_notes": "Excellent cleanup crew for large reptile enclosures. Ensure adequate protein to prevent isopods from biting gecko.",
      "is_predator": false,
      "is_prey": true,
      "prey_preference": "low",
      "predation_rate": 0.3,
      "will_attack": false,
      "will_kill": false,
      "attack_triggers": ["protein_deficiency"],
      "avoidance_distance_inches": 6,
      "competition_for": [],
      "aggression_level": "none",
      "symbiosis_type": null,
      "symbiosis_benefits_received": [],
      "symbiosis_benefits_provided": ["waste_cleanup"]
    },
    {
      "target_species_id": "dwarf_white_isopods",
      "target_species_name": "Dwarf White Isopods",
      "interaction_type": "competitive",
      "relationship_description": "May outcompete smaller species",
      "can_cohabitate": true,
      "cohabitation_risk": "medium",
      "cohabitation_notes": "Dairy cows larger and more aggressive feeders - may dominate resources. Not recommended to mix isopod species.",
      "is_predator": false,
      "is_prey": false,
      "prey_preference": "none",
      "predation_rate": 0,
      "will_attack": false,
      "will_kill": false,
      "attack_triggers": [],
      "avoidance_distance_inches": 0,
      "competition_for": ["food", "hiding_spots"],
      "aggression_level": "none",
      "symbiosis_type": null,
      "symbiosis_benefits_received": [],
      "symbiosis_benefits_provided": []
    }
  ],

  "aggression": {
    "aggression_baseline": "peaceful",
    "aggression_same_species": "none",
    "aggression_similar_species": "none",
    "aggression_dissimilar_species": "none",
    "triggers_aggression": ["protein_deficiency"],
    "attack_damage": 1,
    "attack_speed": 0.2,
    "attack_range_inches": 0.1,
    "attack_method": "bite",
    "attack_description": "May bite small or sensitive reptiles/amphibians if protein-deficient. Otherwise harmless.",
    "defense_method": ["flee", "sprint"],
    "defense_description": "Quick bursts of speed when provoked - hence nickname 'swift woodlouse'",
    "threat_display": false,
    "threat_display_description": null,
    "retreats_when_outmatched": true,
    "retreat_health_threshold": 0.9,
    "fights_to_death": false,
    "armor": 0.15
  },

  "communication": {
    "vocalizes": false,
    "vocalization_types": [],
    "vocalization_descriptions": {},
    "vocalization_volume": "silent",
    "call_frequency": null,
    "call_time": null,
    "call_triggers": [],
    "call_attracts": [],
    "visual_signals": [],
    "visual_signal_descriptions": {},
    "chemical_signals": true,
    "pheromone_types": ["aggregation"],
    "tactile_signals": ["antennae_contact"],
    "electric_signals": false
  },

  "special_abilities": {
    "abilities": [
      {
        "ability_id": "swift_escape",
        "ability_name": "Swift Woodlouse Sprint",
        "description": "Quick bursts of speed when provoked - faster than most isopod species",
        "effect": "predator_avoidance"
      },
      {
        "ability_id": "heavy_duty_decomposer",
        "ability_name": "Industrial Decomposer",
        "description": "Voracious appetite efficiently processes large amounts of organic waste",
        "effect": "major_waste_reduction"
      },
      {
        "ability_id": "protein_processing",
        "ability_name": "Protein Specialist",
        "description": "Highly efficient at consuming and processing protein sources including shed reptile skin",
        "effect": "removes_shed_skin"
      },
      {
        "ability_id": "limb_regeneration",
        "ability_name": "Limb Regeneration",
        "description": "Can regrow lost legs and antennae over successive molts",
        "effect": "recovers_from_injury"
      }
    ],
    "unique_behaviors": ["fearless_feeding", "protein_craving", "speed_bursts"],
    "camouflage": false,
    "camouflage_type": null,
    "camouflage_effectiveness": 0,
    "mimicry": false,
    "mimics_what": null,
    "bioluminescent": false,
    "bioluminescence_color": null,
    "fluorescent": false,
    "fluorescent_under_uv": false,
    "color_change": false,
    "color_change_triggers": [],
    "autotomy": false,
    "autotomy_part": null,
    "escape_artist": false,
    "escape_methods": []
  },

  "animations": {
    "animation_rig_type": "invertebrate_multi_leg",
    "animations_idle": ["antennae_wave", "grooming", "standing"],
    "animations_locomotion": ["crawl_slow", "crawl_fast", "sprint_burst"],
    "animations_feeding": ["mouthparts_working", "leaf_grazing", "protein_feeding"],
    "animations_hunting": [],
    "animations_social": ["aggregation_cluster", "antennae_touch"],
    "animations_combat": [],
    "animations_stress": ["sprint_escape"],
    "animations_rest": ["still", "tucked_under_bark"],
    "animations_reproduction": ["mating", "carrying_young_in_marsupium", "manca_release"],
    "animations_special": ["molting"],
    "animations_death": ["curl", "legs_twitch", "still"],
    "animation_notes": "Larger than most cleanup crew - individual models important. Sprint animation should show distinctive speed burst. Show clustering under cork bark during day.",
    "sound_effects": ["scuttle", "sprint_scurry", "leaf_rustle"],
    "particle_effects": ["substrate_disturbance"]
  },

  "category_specific": {
    "invert_type": "crustacean",
    "molts": true,
    "molt_frequency_days": 14,
    "molt_vulnerability_hours": 12,
    "eats_own_molt": true,
    "exoskeleton": true,
    "needs_shells": false,
    "shell_fighting": false,
    "segments": 7,
    "legs": 14,
    "claws": true,
    "antennae": true,
    "limb_regeneration": true,
    "regeneration_molts": 2,
    "filter_feeder": false,
    "detritivore": true,
    "algae_eater": false,
    "algae_types_eaten": [],
    "cleanup_crew_rating": "excellent",
    "reef_safe_invert": false
  }
}
