{
  "meta": {
    "schema_version": "1.0",
    "created": "2026-02-03",
    "updated": "2026-02-03",
    "author": "Claude",
    "status": "complete"
  },

  "identity": {
    "id": "dwarf_white_isopods",
    "common_name": "Dwarf White Isopods",
    "scientific_name": "Trichorhina tomentosa",
    "family": "Platyarthridae",
    "category": "invertebrate",
    "subcategory": "cleanup_crew",
    "tier_unlock": 1,
    "difficulty": "easy",
    "price": 15,
    "rarity": "common",
    "description": "Tiny tropical isopods that thrive in humid environments. Excellent decomposers that also serve as nutritious prey for small reptiles and amphibians. Reproduces parthenogenetically - all individuals are female.",
    "real_world_notes": "Native to tropical Americas, now widespread globally. One of the smallest isopod species in the hobby. Unique parthenogenetic reproduction means no males exist - females clone themselves. Cannot roll into a ball like pill bugs; instead plays dead in a C-shape when threatened.",
    "warnings": []
  },

  "physical": {
    "size_adult_inches": 0.1,
    "size_juvenile_inches": 0.03,
    "size_min_inches": 0.08,
    "size_max_inches": 0.12,
    "growth_rate": "fast",
    "time_to_maturity_days": 42,
    "lifespan_years_min": 1.0,
    "lifespan_years_max": 3.0,
    "weight_grams": 0.002,
    "body_shape": "flat",
    "body_description": "Tiny oval, dorsoventrally flattened body with seven pairs of legs. Soft-bodied compared to larger isopods. Cannot conglobate (roll into ball).",
    "colors_primary": ["white"],
    "colors_secondary": ["translucent"],
    "pattern": "solid",
    "pattern_description": "Uniform white to off-white, sometimes slightly translucent",
    "sexual_dimorphism": false,
    "dimorphism_details": "All individuals are female - parthenogenetic species",
    "morphs": [],
    "morph_details": {}
  },

  "environment": {
    "environment_type": ["terrestrial"],
    "biome": "tropical",
    "origin": "Central and South America",
    "min_enclosure_gallons": 1,
    "min_enclosure_tier": 1,
    "floor_space_sqft": 0.01,
    "height_requirement": "none",
    "vertical_space_needed": false,
    "substrate_type": ["soil", "leaf_litter", "coconut_fiber", "sphagnum"],
    "substrate_depth_inches": 2,
    "water_feature_required": false,
    "water_feature_type": "none",
    "water_depth_inches": 0,
    "humidity_range_min": 50,
    "humidity_range_max": 100,
    "humidity_ideal": 80,
    "humidity_fatal_low": 30,
    "temperature_range_min_f": 60,
    "temperature_range_max_f": 85,
    "temperature_ideal_f": 75,
    "temperature_fatal_low_f": 45,
    "temperature_fatal_high_f": 95,
    "temperature_basking_f": null,
    "light_level": "very_low",
    "light_hours": 0,
    "uvb_required": false,
    "uvb_strength": 0,
    "air_flow": "low",
    "hides_required": 0,
    "climbing_surfaces": false,
    "plants_required": false,
    "plant_density": "none",
    "leaf_litter_required": true,
    "branches_required": false,
    "special_requirements": ["calcium_source", "rotting_wood"]
  },

  "water_parameters": {
    "water_type": "none",
    "salinity_min": null,
    "salinity_max": null,
    "salinity_ideal": null,
    "ph_min": null,
    "ph_max": null,
    "ph_ideal": null,
    "ammonia_tolerance": null,
    "nitrite_tolerance": null,
    "nitrate_max": null,
    "gh_min": null,
    "gh_max": null,
    "gh_ideal": null,
    "kh_min": null,
    "kh_max": null,
    "kh_ideal": null,
    "temperature_water_min_f": null,
    "temperature_water_max_f": null,
    "temperature_water_ideal_f": null,
    "flow_preference": "none",
    "oxygen_requirement": "low",
    "depth_preference": null,
    "calcium_min": null,
    "calcium_max": null,
    "calcium_ideal": null,
    "alkalinity_min": null,
    "alkalinity_max": null,
    "alkalinity_ideal": null,
    "magnesium_min": null,
    "magnesium_max": null
  },

  "diet": {
    "diet_type": "detritivore",
    "diet_description": "Feeds on decaying plant matter, leaf litter, rotting wood, fungi, and detritus",
    "food_items_primary": ["decaying_leaves", "rotting_wood", "detritus"],
    "food_items_secondary": ["fungi", "fish_flakes", "vegetables"],
    "food_items_treats": ["cuttlebone", "eggshell", "carrot", "cucumber", "squash"],
    "food_items_toxic": ["citrus"],
    "food_size_max_inches": 0.05,
    "food_size_ratio": 0.5,
    "feeding_method": "grazer",
    "feeding_location": "substrate",
    "feeding_time": "nocturnal",
    "meals_per_day": 0,
    "food_amount_description": "Continuous grazing, supplement with vegetables weekly",
    "fasting_tolerance_days": 14,
    "starvation_days": 30,
    "hunger_rate_per_hour": 0.5,
    "satiation_threshold": 100,
    "requires_live_food": false,
    "accepts_frozen": false,
    "accepts_prepared": true,
    "gut_loading_beneficial": true,
    "supplements_required": ["calcium"],
    "supplement_frequency": "always_available",
    "hunting_style": "none",
    "hunting_success_rate": 0,
    "stalking_distance_inches": 0,
    "strike_distance_inches": 0,
    "strike_method": null,
    "strike_speed_ms": 0,
    "prey_detection_range_inches": 0.5,
    "prey_detection_method": ["chemoreception"],
    "will_eat_dead": true,
    "will_eat_own_species": true,
    "will_eat_eggs": false,
    "will_eat_young": false
  },

  "social": {
    "social_type": "colony",
    "social_description": "Lives in dense colonies, highly gregarious, all-female population",
    "min_group_size": 10,
    "max_group_size": 50000,
    "ideal_group_size": 200,
    "sex_ratio": "all_female",
    "sex_ratio_flexible": false,
    "hierarchy_type": "none",
    "hierarchy_description": null,
    "can_house_same_sex": true,
    "same_sex_aggression": "none",
    "male_male_aggression": "none",
    "female_female_aggression": "none",
    "territorial": false,
    "territory_size_sqft": 0,
    "territory_type": "none",
    "territory_markers": [],
    "defends_territory_against": [],
    "territory_overlap_tolerance": 1.0,
    "schooling_behavior": false,
    "schooling_tightness": "none",
    "shoaling_minimum": null,
    "prefers_conspecifics": true,
    "stress_when_alone": false,
    "stress_when_crowded": false,
    "crowding_threshold": 50000,
    "recognition_individual": false,
    "pair_bonding": false,
    "pair_bond_duration": null,
    "mourns_mate_death": false,
    "mourning_duration_days": 0,
    "alloparenting": false
  },

  "reproduction": {
    "reproduction_type": "parthenogenic",
    "sexual_maturity_days": 42,
    "breeding_difficulty": "easy",
    "breeding_frequency": "continuous",
    "breeding_season": "year_round",
    "breeding_triggers": ["adequate_moisture", "food_availability", "warmth"],
    "breeding_trigger_details": "Reproduces asexually via parthenogenesis - no males needed. Breeds continuously in favorable conditions.",
    "courtship_behavior": false,
    "courtship_description": null,
    "courtship_duration_hours": 0,
    "courtship_initiator": null,
    "mating_display": false,
    "mating_display_description": null,
    "mating_aggression": "none",
    "clutch_size_min": 5,
    "clutch_size_max": 20,
    "clutch_size_average": 12,
    "clutches_per_year": 12,
    "egg_location": "marsupium",
    "egg_description": "Eggs held in marsupium (brood pouch) on underside until hatching as mancae",
    "egg_incubation_days": 21,
    "egg_incubation_temp_f": 75,
    "egg_care": "female",
    "egg_guarding": false,
    "larvae_stage": false,
    "larvae_type": "manca",
    "larvae_duration_days": 0,
    "larvae_care": "none",
    "larvae_transport": false,
    "larvae_transport_description": null,
    "larvae_food": [],
    "larvae_cannibalistic": false,
    "metamorphosis": false,
    "metamorphosis_days": 0,
    "live_birth": true,
    "gestation_days": 21,
    "parental_care_type": "none",
    "parental_care_duration_days": 0,
    "offspring_survival_rate": 0.8,
    "will_breed_in_captivity": true
  },

  "behavior": {
    "activity_pattern": "nocturnal",
    "active_hours_start": 18,
    "active_hours_end": 6,
    "activity_level": "moderate",
    "activity_description": "Most active at night, foraging through substrate and leaf litter. Spends most time in soil.",
    "movement_style": "crawl",
    "movement_styles_all": ["crawl"],
    "movement_speed_slow": 0.01,
    "movement_speed_normal": 0.03,
    "movement_speed_fast": 0.1,
    "can_climb": true,
    "climb_surfaces": ["bark", "wood", "plants", "cork"],
    "can_swim": false,
    "swim_ability": "none",
    "can_jump": false,
    "jump_height_inches": 0,
    "jump_distance_inches": 0,
    "can_burrow": true,
    "burrow_depth_inches": 3,
    "can_fly": false,
    "can_glide": false,
    "arboreal": false,
    "terrestrial": true,
    "aquatic": false,
    "fossorial": true,
    "preferred_zone": "underground",
    "zone_usage": {"underground": 60, "ground": 35, "low": 5},
    "time_in_water_percent": 0,
    "basking_behavior": false,
    "basking_duration_hours": 0,
    "hiding_behavior": "mostly_hidden",
    "time_hidden_percent": 85,
    "hide_triggers": ["light", "disturbance", "low_humidity", "predator"],
    "preferred_hides": ["under_bark", "leaf_litter", "substrate", "cork_bark"],
    "sleep_location": "burrow",
    "sleep_position": "clustered",
    "sleep_duration_hours": 12,
    "exploration_tendency": "medium",
    "curiosity_level": "low",
    "investigates_new_objects": false,
    "boldness_baseline": "timid",
    "intelligence_level": "instinct_only",
    "can_learn": false,
    "learning_examples": [],
    "recognizes_keeper": false,
    "trainable": false,
    "plays": false
  },

  "stress": {
    "stress_baseline": 10,
    "stress_threshold_low": 30,
    "stress_threshold_high": 60,
    "stress_fatal_threshold": 90,
    "stress_recovery_rate": 4.0,
    "stress_indicators_visual": ["surface_clustering", "pale_coloration", "inactivity"],
    "stress_indicators_behavioral": ["playing_dead", "attempting_escape"],
    "stress_sources": {
      "low_humidity": {"threshold": 40, "stress_per_hour": 10},
      "high_temperature": {"threshold": 90, "stress_per_hour": 12},
      "low_temperature": {"threshold": 50, "stress_per_hour": 6},
      "dry_substrate": {"stress_per_hour": 10},
      "no_food_7d": {"stress_per_hour": 3},
      "bright_light": {"stress_per_hour": 4},
      "no_calcium": {"stress_per_hour": 2},
      "flooding": {"stress_per_hour": 15},
      "pesticide_exposure": {"stress_per_hour": 50}
    },
    "hardiness": "hardy",
    "disease_susceptibility": "low",
    "common_diseases": [],
    "disease_symptoms": {},
    "quarantine_recommended": false,
    "quarantine_duration_days": 0,
    "acclimation_time_hours": 1,
    "acclimation_method": "direct_introduction",
    "drip_acclimate": false,
    "sensitive_to_chemicals": true,
    "chemical_sensitivities": ["pesticides", "copper", "salt"],
    "molting": true,
    "molt_frequency_days": 14,
    "molt_signs": ["pale_color", "inactivity"],
    "molt_vulnerability": true,
    "molt_vulnerability_hours": 12,
    "regeneration": true,
    "regenerates_parts": ["legs", "antennae"],
    "venomous": false,
    "venom_potency": "none",
    "venom_delivery": "none",
    "venom_effects": [],
    "poisonous": false,
    "poison_potency": "none",
    "poison_notes": null,
    "dangerous_to_humans": false,
    "hp_max": 10,
    "hp_regeneration_per_hour": 1
  },

  "personality_ranges": {
    "boldness_min": 0.1,
    "boldness_max": 0.4,
    "boldness_default": 0.25,
    "aggression_min": 0.0,
    "aggression_max": 0.0,
    "aggression_default": 0.0,
    "activity_min": 0.3,
    "activity_max": 0.6,
    "activity_default": 0.45,
    "curiosity_min": 0.1,
    "curiosity_max": 0.3,
    "curiosity_default": 0.2
  },

  "compatibility": [
    {
      "target_species_id": "springtails",
      "target_species_name": "Springtails",
      "interaction_type": "neutral",
      "relationship_description": "Co-exists peacefully, complementary cleanup crew",
      "can_cohabitate": true,
      "cohabitation_risk": "none",
      "cohabitation_notes": "Ideal pairing for bioactive setups - work symbiotically",
      "is_predator": false,
      "is_prey": false,
      "prey_preference": "none",
      "predation_rate": 0,
      "will_attack": false,
      "will_kill": false,
      "attack_triggers": [],
      "avoidance_distance_inches": 0,
      "competition_for": ["detritus"],
      "aggression_level": "none",
      "symbiosis_type": "commensal",
      "symbiosis_benefits_received": [],
      "symbiosis_benefits_provided": []
    },
    {
      "target_species_id": "dendrobates_auratus",
      "target_species_name": "Green and Black Dart Frog",
      "interaction_type": "prey",
      "relationship_description": "Prey item for dart frogs",
      "can_cohabitate": true,
      "cohabitation_risk": "none",
      "cohabitation_notes": "Good supplementary food source, population self-sustains due to prolific breeding",
      "is_predator": false,
      "is_prey": true,
      "prey_preference": "medium",
      "predation_rate": 0.7,
      "will_attack": false,
      "will_kill": false,
      "attack_triggers": [],
      "avoidance_distance_inches": 3,
      "competition_for": [],
      "aggression_level": "none",
      "symbiosis_type": null,
      "symbiosis_benefits_received": [],
      "symbiosis_benefits_provided": []
    },
    {
      "target_species_id": "mourning_gecko",
      "target_species_name": "Mourning Gecko",
      "interaction_type": "prey",
      "relationship_description": "Prey item for mourning geckos",
      "can_cohabitate": true,
      "cohabitation_risk": "none",
      "cohabitation_notes": "Gecko will actively hunt isopods",
      "is_predator": false,
      "is_prey": true,
      "prey_preference": "medium",
      "predation_rate": 0.6,
      "will_attack": false,
      "will_kill": false,
      "attack_triggers": [],
      "avoidance_distance_inches": 4,
      "competition_for": [],
      "aggression_level": "none",
      "symbiosis_type": null,
      "symbiosis_benefits_received": [],
      "symbiosis_benefits_provided": []
    },
    {
      "target_species_id": "powder_blue_isopods",
      "target_species_name": "Powder Blue Isopods",
      "interaction_type": "competitive",
      "relationship_description": "Can coexist but may be outcompeted",
      "can_cohabitate": true,
      "cohabitation_risk": "low",
      "cohabitation_notes": "Dwarf whites may outcompete other slow-breeding isopods due to parthenogenesis",
      "is_predator": false,
      "is_prey": false,
      "prey_preference": "none",
      "predation_rate": 0,
      "will_attack": false,
      "will_kill": false,
      "attack_triggers": [],
      "avoidance_distance_inches": 0,
      "competition_for": ["food", "hiding_spots"],
      "aggression_level": "none",
      "symbiosis_type": null,
      "symbiosis_benefits_received": [],
      "symbiosis_benefits_provided": []
    }
  ],

  "aggression": {
    "aggression_baseline": "peaceful",
    "aggression_same_species": "none",
    "aggression_similar_species": "none",
    "aggression_dissimilar_species": "none",
    "triggers_aggression": [],
    "attack_damage": 0,
    "attack_speed": 0,
    "attack_range_inches": 0,
    "attack_method": null,
    "attack_description": null,
    "defense_method": ["flee", "play_dead"],
    "defense_description": "Plays dead by curling into C-shape and remaining motionless when threatened. Cannot roll into ball like pill bugs.",
    "threat_display": false,
    "threat_display_description": null,
    "retreats_when_outmatched": true,
    "retreat_health_threshold": 1.0,
    "fights_to_death": false,
    "armor": 0.05
  },

  "communication": {
    "vocalizes": false,
    "vocalization_types": [],
    "vocalization_descriptions": {},
    "vocalization_volume": "silent",
    "call_frequency": null,
    "call_time": null,
    "call_triggers": [],
    "call_attracts": [],
    "visual_signals": [],
    "visual_signal_descriptions": {},
    "chemical_signals": true,
    "pheromone_types": ["aggregation"],
    "tactile_signals": ["antennae_contact"],
    "electric_signals": false
  },

  "special_abilities": {
    "abilities": [
      {
        "ability_id": "play_dead",
        "ability_name": "Thanatosis",
        "description": "Curls into C-shape and remains motionless when disturbed, playing dead",
        "effect": "predator_avoidance"
      },
      {
        "ability_id": "detritus_processing",
        "ability_name": "Decomposer",
        "description": "Efficiently breaks down organic waste and decaying matter, aerates soil",
        "effect": "reduces_waste_buildup"
      },
      {
        "ability_id": "limb_regeneration",
        "ability_name": "Limb Regeneration",
        "description": "Can regrow lost legs and antennae over successive molts",
        "effect": "recovers_from_injury"
      },
      {
        "ability_id": "parthenogenesis",
        "ability_name": "Asexual Reproduction",
        "description": "All females, reproduce by cloning - no males needed",
        "effect": "rapid_population_growth"
      }
    ],
    "unique_behaviors": ["thanatosis", "aggregation_under_bark", "nocturnal_foraging", "soil_burrowing"],
    "camouflage": false,
    "camouflage_type": null,
    "camouflage_effectiveness": 0,
    "mimicry": false,
    "mimics_what": null,
    "bioluminescent": false,
    "bioluminescence_color": null,
    "fluorescent": false,
    "fluorescent_under_uv": false,
    "color_change": false,
    "color_change_triggers": [],
    "autotomy": false,
    "autotomy_part": null,
    "escape_artist": false,
    "escape_methods": []
  },

  "animations": {
    "animation_rig_type": "invertebrate_multi_leg",
    "animations_idle": ["antennae_wave", "grooming", "standing"],
    "animations_locomotion": ["crawl_slow", "crawl_fast"],
    "animations_feeding": ["mouthparts_working", "leaf_grazing"],
    "animations_hunting": [],
    "animations_social": ["aggregation_cluster", "antennae_touch"],
    "animations_combat": [],
    "animations_stress": ["play_dead_curl", "rapid_crawl"],
    "animations_rest": ["still", "tucked_under_cover"],
    "animations_reproduction": ["carrying_young_in_marsupium"],
    "animations_special": ["molting", "thanatosis"],
    "animations_death": ["curl", "legs_twitch", "still"],
    "animation_notes": "Rendered as particle system at distance, individual models when camera close. Seven pairs of walking legs animate in wave pattern. Play dead animation is C-shape curl, NOT ball.",
    "sound_effects": ["tiny_scuttle", "leaf_rustle"],
    "particle_effects": ["substrate_disturbance"]
  },

  "category_specific": {
    "invert_type": "crustacean",
    "molts": true,
    "molt_frequency_days": 14,
    "molt_vulnerability_hours": 12,
    "eats_own_molt": true,
    "exoskeleton": true,
    "needs_shells": false,
    "shell_fighting": false,
    "segments": 14,
    "legs": 14,
    "claws": false,
    "antennae": true,
    "limb_regeneration": true,
    "regeneration_molts": 2,
    "filter_feeder": false,
    "detritivore": true,
    "algae_eater": false,
    "algae_types_eaten": [],
    "cleanup_crew_rating": "excellent",
    "reef_safe_invert": false
  }
}
