{
  "meta": {
    "schema_version": "1.0",
    "created": "2026-02-03",
    "updated": "2026-02-03",
    "author": "Claude",
    "status": "complete"
  },

  "identity": {
    "id": "giant_orange_isopods",
    "common_name": "Giant Orange Isopods",
    "scientific_name": "Porcellio scaber",
    "family": "Porcellionidae",
    "category": "invertebrate",
    "subcategory": "cleanup_crew",
    "tier_unlock": 3,
    "difficulty": "easy",
    "price": 30,
    "rarity": "common",
    "description": "Large, striking orange color morph of the common rough woodlouse. Impressive size and vibrant coloration make them a standout display species. Slower breeding than smaller isopods but hardy and adaptable.",
    "real_world_notes": "Selectively bred color morph of Porcellio scaber, the common rough woodlouse native to Europe. Juveniles appear light peach, deepening to dark orange with each molt. Can take 14-22 months to reach breeding age - much slower than smaller species. Only breeds up to 3 times per year with broods averaging 20 babies. Known for high protein requirements - may bite reptiles if protein-deficient. Tolerant of both humid and dry conditions. Native species widespread across every continent except Antarctica.",
    "warnings": ["slow_breeding", "may_bite_reptiles_if_protein_deficient"]
  },

  "physical": {
    "size_adult_inches": 1.2,
    "size_juvenile_inches": 0.2,
    "size_min_inches": 1.0,
    "size_max_inches": 1.4,
    "growth_rate": "slow",
    "time_to_maturity_days": 540,
    "lifespan_years_min": 2.0,
    "lifespan_years_max": 3.0,
    "weight_grams": 0.5,
    "body_shape": "flat",
    "body_description": "Large isopod with rough, textured exoskeleton (hence 'rough woodlouse'). Hard, calcified exoskeleton. Robust body with prominent segments.",
    "colors_primary": ["orange"],
    "colors_secondary": ["peach", "yellow"],
    "pattern": "solid",
    "pattern_description": "Solid bright orange coloration. Juveniles light peach to lemon-yellow, deepening to dark orange with maturity. Breeds true - offspring are always orange.",
    "sexual_dimorphism": true,
    "dimorphism_details": "Females larger with visible marsupium for carrying young. Males slightly smaller.",
    "morphs": ["spanish_orange", "orange_koi", "dalmatian", "ghost", "piebald", "whiteout"],
    "morph_details": {
      "spanish_orange": "Lighter orange hues with fast reproduction",
      "orange_koi": "White bodies with orange speckles and blotches",
      "dalmatian": "Spotted pattern",
      "ghost": "Pale/translucent morph",
      "piebald": "Patchy coloration",
      "whiteout": "White morph"
    }
  },

  "environment": {
    "environment_type": ["terrestrial"],
    "biome": "temperate",
    "origin": "Europe (selectively bred morph)",
    "min_enclosure_gallons": 5,
    "min_enclosure_tier": 3,
    "floor_space_sqft": 0.15,
    "height_requirement": "none",
    "vertical_space_needed": false,
    "substrate_type": ["coconut_fiber", "soil", "peat_moss", "leaf_litter"],
    "substrate_depth_inches": 3,
    "water_feature_required": false,
    "water_feature_type": "none",
    "water_depth_inches": 0,
    "humidity_range_min": 50,
    "humidity_range_max": 80,
    "humidity_ideal": 65,
    "humidity_fatal_low": 20,
    "temperature_range_min_f": 55,
    "temperature_range_max_f": 90,
    "temperature_ideal_f": 70,
    "temperature_fatal_low_f": 40,
    "temperature_fatal_high_f": 100,
    "temperature_basking_f": null,
    "light_level": "low",
    "light_hours": 12,
    "uvb_required": false,
    "uvb_strength": 0,
    "air_flow": "medium",
    "hides_required": 2,
    "climbing_surfaces": true,
    "plants_required": false,
    "plant_density": "none",
    "leaf_litter_required": true,
    "branches_required": false,
    "special_requirements": ["rotting_wood", "calcium_source", "protein_source"]
  },

  "water_parameters": {
    "water_type": "none",
    "salinity_min": null,
    "salinity_max": null,
    "salinity_ideal": null,
    "ph_min": null,
    "ph_max": null,
    "ph_ideal": null,
    "ammonia_tolerance": null,
    "nitrite_tolerance": null,
    "nitrate_max": null,
    "gh_min": null,
    "gh_max": null,
    "gh_ideal": null,
    "kh_min": null,
    "kh_max": null,
    "kh_ideal": null,
    "temperature_water_min_f": null,
    "temperature_water_max_f": null,
    "temperature_water_ideal_f": null,
    "flow_preference": "none",
    "oxygen_requirement": "low",
    "depth_preference": null,
    "calcium_min": null,
    "calcium_max": null,
    "calcium_ideal": null,
    "alkalinity_min": null,
    "alkalinity_max": null,
    "alkalinity_ideal": null,
    "magnesium_min": null,
    "magnesium_max": null
  },

  "diet": {
    "diet_type": "detritivore",
    "diet_description": "Feeds on decaying plant matter, rotting wood, leaf litter. High protein requirements - may bite reptiles if not adequately supplemented. Loves yellow squash.",
    "food_items_primary": ["decaying_leaves", "rotting_wood", "leaf_litter", "bark"],
    "food_items_secondary": ["fish_flakes", "dried_shrimp", "dried_minnows", "vegetables"],
    "food_items_treats": ["yellow_squash", "carrots", "zucchini", "moss"],
    "food_items_toxic": [],
    "food_size_max_inches": 0.5,
    "food_size_ratio": 0.4,
    "feeding_method": "grazer",
    "feeding_location": "ground",
    "feeding_time": "nocturnal",
    "meals_per_day": 0,
    "food_amount_description": "Continuous access to leaf litter and rotting wood. Protein supplemented regularly - high protein needs. Yellow squash is a favorite treat.",
    "fasting_tolerance_days": 14,
    "starvation_days": 30,
    "hunger_rate_per_hour": 0.5,
    "satiation_threshold": 100,
    "requires_live_food": false,
    "accepts_frozen": false,
    "accepts_prepared": true,
    "gut_loading_beneficial": true,
    "supplements_required": ["calcium", "protein"],
    "supplement_frequency": "weekly",
    "hunting_style": "none",
    "hunting_success_rate": 0,
    "stalking_distance_inches": 0,
    "strike_distance_inches": 0,
    "strike_method": null,
    "strike_speed_ms": 0,
    "prey_detection_range_inches": 2,
    "prey_detection_method": ["chemoreception"],
    "will_eat_dead": true,
    "will_eat_own_species": true,
    "will_eat_eggs": false,
    "will_eat_young": false
  },

  "social": {
    "social_type": "colony",
    "social_description": "Social creatures often seen munching in groups on logs or moss patches. Polyandrous - breeds more rapidly in smaller areas with multiple mates.",
    "min_group_size": 10,
    "max_group_size": 1000,
    "ideal_group_size": 50,
    "sex_ratio": "1m:2f",
    "sex_ratio_flexible": true,
    "hierarchy_type": "none",
    "hierarchy_description": null,
    "can_house_same_sex": true,
    "same_sex_aggression": "none",
    "male_male_aggression": "none",
    "female_female_aggression": "none",
    "territorial": false,
    "territory_size_sqft": 0,
    "territory_type": "none",
    "territory_markers": [],
    "defends_territory_against": [],
    "territory_overlap_tolerance": 1.0,
    "schooling_behavior": false,
    "schooling_tightness": "none",
    "shoaling_minimum": null,
    "prefers_conspecifics": true,
    "stress_when_alone": false,
    "stress_when_crowded": false,
    "crowding_threshold": 1000,
    "recognition_individual": false,
    "pair_bonding": false,
    "pair_bond_duration": null,
    "mourns_mate_death": false,
    "mourning_duration_days": 0,
    "alloparenting": false
  },

  "reproduction": {
    "reproduction_type": "live_bearer",
    "sexual_maturity_days": 540,
    "breeding_difficulty": "easy",
    "breeding_frequency": "seasonal",
    "breeding_season": "spring_summer",
    "breeding_triggers": ["warmth", "adequate_moisture", "food_availability"],
    "breeding_trigger_details": "Slow to mature (14-22 months). Only breeds up to 3 times per year. Average brood of 20 babies. Polyandrous - breeds more rapidly with multiple mates in smaller area.",
    "courtship_behavior": false,
    "courtship_description": null,
    "courtship_duration_hours": 0,
    "courtship_initiator": null,
    "mating_display": false,
    "mating_display_description": null,
    "mating_aggression": "none",
    "clutch_size_min": 15,
    "clutch_size_max": 30,
    "clutch_size_average": 20,
    "clutches_per_year": 3,
    "egg_location": "marsupium",
    "egg_description": "Eggs and mancae carried in fluid-filled breeding pouch under thorax to prevent desiccation",
    "egg_incubation_days": 35,
    "egg_incubation_temp_f": 70,
    "egg_care": "female",
    "egg_guarding": false,
    "larvae_stage": false,
    "larvae_type": "manca",
    "larvae_duration_days": 0,
    "larvae_care": "none",
    "larvae_transport": false,
    "larvae_transport_description": null,
    "larvae_food": [],
    "larvae_cannibalistic": false,
    "metamorphosis": false,
    "metamorphosis_days": 0,
    "live_birth": true,
    "gestation_days": 35,
    "parental_care_type": "marsupium_brooding",
    "parental_care_duration_days": 35,
    "offspring_survival_rate": 0.1,
    "will_breed_in_captivity": true
  },

  "behavior": {
    "activity_pattern": "nocturnal",
    "active_hours_start": 18,
    "active_hours_end": 6,
    "activity_level": "moderate",
    "activity_description": "Relocates based on humidity needs - may be found in different areas depending on moisture requirements. Often seen feeding in groups. Shy of bright lights.",
    "movement_style": "crawl",
    "movement_styles_all": ["crawl", "climb"],
    "movement_speed_slow": 0.02,
    "movement_speed_normal": 0.06,
    "movement_speed_fast": 0.15,
    "can_climb": true,
    "climb_surfaces": ["bark", "wood", "rock", "trees"],
    "can_swim": false,
    "swim_ability": "none",
    "can_jump": false,
    "jump_height_inches": 0,
    "jump_distance_inches": 0,
    "can_burrow": true,
    "burrow_depth_inches": 2,
    "can_fly": false,
    "can_glide": false,
    "arboreal": false,
    "terrestrial": true,
    "aquatic": false,
    "fossorial": false,
    "preferred_zone": "ground",
    "zone_usage": {"underground": 20, "ground": 70, "low": 10},
    "time_in_water_percent": 0,
    "basking_behavior": false,
    "basking_duration_hours": 0,
    "hiding_behavior": "frequent",
    "time_hidden_percent": 65,
    "hide_triggers": ["daylight", "disturbance", "bright_light"],
    "preferred_hides": ["rotting_wood", "cork_bark", "moss_patches"],
    "sleep_location": "ground",
    "sleep_position": "under_cover",
    "sleep_duration_hours": 12,
    "exploration_tendency": "medium",
    "curiosity_level": "low",
    "investigates_new_objects": false,
    "boldness_baseline": "moderate",
    "intelligence_level": "instinct_only",
    "can_learn": false,
    "learning_examples": [],
    "recognizes_keeper": false,
    "trainable": false,
    "plays": false
  },

  "stress": {
    "stress_baseline": 10,
    "stress_threshold_low": 30,
    "stress_threshold_high": 60,
    "stress_fatal_threshold": 90,
    "stress_recovery_rate": 3.5,
    "stress_indicators_visual": ["pale_coloration", "clustering", "reduced_movement"],
    "stress_indicators_behavioral": ["not_eating", "constant_hiding"],
    "stress_sources": {
      "low_humidity": {"threshold": 40, "stress_per_hour": 5},
      "high_temperature": {"threshold": 95, "stress_per_hour": 10},
      "low_temperature": {"threshold": 50, "stress_per_hour": 4},
      "no_food_7d": {"stress_per_hour": 3},
      "no_protein_14d": {"stress_per_hour": 4},
      "no_calcium": {"stress_per_hour": 2},
      "bright_light": {"stress_per_hour": 2}
    },
    "hardiness": "hardy",
    "disease_susceptibility": "low",
    "common_diseases": ["iridovirus"],
    "disease_symptoms": {"iridovirus": ["discoloration", "lethargy"]},
    "quarantine_recommended": false,
    "quarantine_duration_days": 0,
    "acclimation_time_hours": 1,
    "acclimation_method": "direct_introduction",
    "drip_acclimate": false,
    "sensitive_to_chemicals": true,
    "chemical_sensitivities": ["pesticides", "copper"],
    "molting": true,
    "molt_frequency_days": 28,
    "molt_signs": ["pale_color", "reduced_activity"],
    "molt_vulnerability": true,
    "molt_vulnerability_hours": 12,
    "regeneration": true,
    "regenerates_parts": ["legs", "antennae"],
    "venomous": false,
    "venom_potency": "none",
    "venom_delivery": "none",
    "venom_effects": [],
    "poisonous": false,
    "poison_potency": "none",
    "poison_notes": null,
    "dangerous_to_humans": false,
    "hp_max": 35,
    "hp_regeneration_per_hour": 2
  },

  "personality_ranges": {
    "boldness_min": 0.2,
    "boldness_max": 0.5,
    "boldness_default": 0.35,
    "aggression_min": 0.0,
    "aggression_max": 0.15,
    "aggression_default": 0.08,
    "activity_min": 0.3,
    "activity_max": 0.6,
    "activity_default": 0.45,
    "curiosity_min": 0.1,
    "curiosity_max": 0.4,
    "curiosity_default": 0.25
  },

  "compatibility": [
    {
      "target_species_id": "springtails",
      "target_species_name": "Springtails",
      "interaction_type": "neutral",
      "relationship_description": "Complementary cleanup crew",
      "can_cohabitate": true,
      "cohabitation_risk": "none",
      "cohabitation_notes": "Excellent pairing - springtails handle mold control",
      "is_predator": false,
      "is_prey": false,
      "prey_preference": "none",
      "predation_rate": 0,
      "will_attack": false,
      "will_kill": false,
      "attack_triggers": [],
      "avoidance_distance_inches": 0,
      "competition_for": ["detritus"],
      "aggression_level": "none",
      "symbiosis_type": "commensal",
      "symbiosis_benefits_received": ["mold_control"],
      "symbiosis_benefits_provided": []
    },
    {
      "target_species_id": "crested_gecko",
      "target_species_name": "Crested Gecko",
      "interaction_type": "prey",
      "relationship_description": "Prey item and cleanup crew - REQUIRES adequate protein supplementation",
      "can_cohabitate": true,
      "cohabitation_risk": "low",
      "cohabitation_notes": "Good bioactive crew but MUST provide protein or isopods may bite reptile. Large size makes them appealing prey but slower breeding means population recovers slowly.",
      "is_predator": false,
      "is_prey": true,
      "prey_preference": "medium",
      "predation_rate": 0.3,
      "will_attack": true,
      "will_kill": false,
      "attack_triggers": ["protein_deficiency"],
      "avoidance_distance_inches": 4,
      "competition_for": [],
      "aggression_level": "low",
      "symbiosis_type": null,
      "symbiosis_benefits_received": [],
      "symbiosis_benefits_provided": ["waste_cleanup"]
    }
  ],

  "aggression": {
    "aggression_baseline": "peaceful",
    "aggression_same_species": "none",
    "aggression_similar_species": "none",
    "aggression_dissimilar_species": "low",
    "triggers_aggression": ["protein_deficiency"],
    "attack_damage": 1,
    "attack_speed": 0.1,
    "attack_range_inches": 0.5,
    "attack_method": "bite",
    "attack_description": "May bite sleeping reptiles if protein-deficient - nibbling on scales/skin",
    "defense_method": ["flee", "hide"],
    "defense_description": "Primary defense is fleeing to cover or hiding in substrate",
    "threat_display": false,
    "threat_display_description": null,
    "retreats_when_outmatched": true,
    "retreat_health_threshold": 0.9,
    "fights_to_death": false,
    "armor": 0.2
  },

  "communication": {
    "vocalizes": false,
    "vocalization_types": [],
    "vocalization_descriptions": {},
    "vocalization_volume": "silent",
    "call_frequency": null,
    "call_time": null,
    "call_triggers": [],
    "call_attracts": [],
    "visual_signals": [],
    "visual_signal_descriptions": {},
    "chemical_signals": true,
    "pheromone_types": ["aggregation"],
    "tactile_signals": ["antennae_contact"],
    "electric_signals": false
  },

  "special_abilities": {
    "abilities": [
      {
        "ability_id": "color_development",
        "ability_name": "Color Maturation",
        "description": "Deepens from peach to dark orange with each successive molt",
        "effect": "visual_change"
      },
      {
        "ability_id": "humidity_sensing",
        "ability_name": "Moisture Seeking",
        "description": "Relocates within habitat based on moisture needs",
        "effect": "self_regulation"
      },
      {
        "ability_id": "limb_regeneration",
        "ability_name": "Limb Regeneration",
        "description": "Can regrow lost limbs over successive molts",
        "effect": "recovers_from_injury"
      }
    ],
    "unique_behaviors": ["group_feeding", "tree_climbing_seasonal", "moisture_tracking"],
    "camouflage": false,
    "camouflage_type": null,
    "camouflage_effectiveness": 0,
    "mimicry": false,
    "mimics_what": null,
    "bioluminescent": false,
    "bioluminescence_color": null,
    "fluorescent": false,
    "fluorescent_under_uv": false,
    "color_change": true,
    "color_change_triggers": ["maturation"],
    "autotomy": false,
    "autotomy_part": null,
    "escape_artist": false,
    "escape_methods": []
  },

  "animations": {
    "animation_rig_type": "invertebrate_multi_leg",
    "animations_idle": ["antennae_wave", "grooming"],
    "animations_locomotion": ["crawl_slow", "crawl_medium", "climb"],
    "animations_feeding": ["mouthparts_working", "group_feeding", "wood_grazing"],
    "animations_hunting": [],
    "animations_social": ["antennae_touch", "group_cluster"],
    "animations_combat": ["nibble_bite"],
    "animations_stress": ["rapid_crawl", "flee"],
    "animations_rest": ["still", "under_bark"],
    "animations_reproduction": ["mating", "carrying_young_in_marsupium"],
    "animations_special": ["molting", "color_change"],
    "animations_death": ["curl", "still"],
    "animation_notes": "Large impressive size - show scale. Bright orange coloration stands out. Juveniles lighter peach color. Show group feeding behavior on wood/moss. Hard calcified exoskeleton texture.",
    "sound_effects": ["scuttle", "leaf_rustle"],
    "particle_effects": ["substrate_disturbance"]
  },

  "category_specific": {
    "invert_type": "crustacean",
    "molts": true,
    "molt_frequency_days": 28,
    "molt_vulnerability_hours": 12,
    "eats_own_molt": true,
    "exoskeleton": true,
    "needs_shells": false,
    "shell_fighting": false,
    "segments": 11,
    "legs": 14,
    "claws": false,
    "antennae": true,
    "limb_regeneration": true,
    "regeneration_molts": 2,
    "filter_feeder": false,
    "detritivore": true,
    "algae_eater": false,
    "algae_types_eaten": [],
    "cleanup_crew_rating": "good",
    "reef_safe_invert": false
  }
}
