{
  "meta": {
    "schema_version": "1.0",
    "created": "2026-02-03",
    "updated": "2026-02-03",
    "author": "Claude",
    "status": "complete"
  },

  "identity": {
    "id": "giant_canyon_isopods",
    "common_name": "Giant Canyon Isopods",
    "scientific_name": "Porcellio dilatatus",
    "family": "Porcellionidae",
    "category": "invertebrate",
    "subcategory": "cleanup_crew",
    "tier_unlock": 3,
    "difficulty": "easy",
    "price": 25,
    "rarity": "common",
    "description": "Large, bulky isopod known for impressive burrowing behavior. Creates intricate subterranean tunnel systems. Hardy and drought-tolerant, making them excellent for bioactive setups with predatory reptiles.",
    "real_world_notes": "Native to Western Europe, successfully established in North America. One of the larger isopod species at up to 20mm. Famous for complex burrowing behavior - often seems like they've disappeared but they're just underground. Drought-tolerant but appreciates moisture. Voracious appetite - will eat substrate and habitat. Nocturnal. Good for bioactive vivaria with lizards/frogs as their burrowing helps them avoid predation.",
    "warnings": []
  },

  "physical": {
    "size_adult_inches": 0.8,
    "size_juvenile_inches": 0.2,
    "size_min_inches": 0.7,
    "size_max_inches": 0.9,
    "growth_rate": "medium",
    "time_to_maturity_days": 180,
    "lifespan_years_min": 2.0,
    "lifespan_years_max": 3.0,
    "weight_grams": 0.4,
    "body_shape": "flat",
    "body_description": "Large, bulky, wide-bodied isopod with 11 distinct segments. Flattened body with bristling setae. Robust build. Resembles Porcellio scaber but much larger.",
    "colors_primary": ["brown", "gray"],
    "colors_secondary": ["blue", "tan"],
    "pattern": "mottled",
    "pattern_description": "Muted brown to bluish-gray with darker mottled patterns and subtle stripes. Lighter legs and antennae. Creamy tan underside. Good natural camouflage.",
    "sexual_dimorphism": true,
    "dimorphism_details": "Females larger with visible marsupium for carrying eggs. Males slightly smaller.",
    "morphs": ["flavus", "rufobrunneus"],
    "morph_details": {
      "flavus": "Yellow color variant",
      "rufobrunneus": "Reddish-brown color variant"
    }
  },

  "environment": {
    "environment_type": ["terrestrial"],
    "biome": "temperate",
    "origin": "Western Europe",
    "min_enclosure_gallons": 5,
    "min_enclosure_tier": 3,
    "floor_space_sqft": 0.15,
    "height_requirement": "none",
    "vertical_space_needed": false,
    "substrate_type": ["coconut_fiber", "soil", "peat_moss", "sphagnum_moss"],
    "substrate_depth_inches": 4,
    "water_feature_required": false,
    "water_feature_type": "none",
    "water_depth_inches": 0,
    "humidity_range_min": 40,
    "humidity_range_max": 70,
    "humidity_ideal": 55,
    "humidity_fatal_low": 20,
    "temperature_range_min_f": 59,
    "temperature_range_max_f": 85,
    "temperature_ideal_f": 75,
    "temperature_fatal_low_f": 40,
    "temperature_fatal_high_f": 95,
    "temperature_basking_f": null,
    "light_level": "low",
    "light_hours": 12,
    "uvb_required": false,
    "uvb_strength": 0,
    "air_flow": "medium",
    "hides_required": 2,
    "climbing_surfaces": true,
    "plants_required": false,
    "plant_density": "none",
    "leaf_litter_required": true,
    "branches_required": false,
    "special_requirements": ["deep_substrate", "cork_bark", "rotting_wood", "calcium_source"]
  },

  "water_parameters": {
    "water_type": "none",
    "salinity_min": null,
    "salinity_max": null,
    "salinity_ideal": null,
    "ph_min": null,
    "ph_max": null,
    "ph_ideal": null,
    "ammonia_tolerance": null,
    "nitrite_tolerance": null,
    "nitrate_max": null,
    "gh_min": null,
    "gh_max": null,
    "gh_ideal": null,
    "kh_min": null,
    "kh_max": null,
    "kh_ideal": null,
    "temperature_water_min_f": null,
    "temperature_water_max_f": null,
    "temperature_water_ideal_f": null,
    "flow_preference": "none",
    "oxygen_requirement": "low",
    "depth_preference": null,
    "calcium_min": null,
    "calcium_max": null,
    "calcium_ideal": null,
    "alkalinity_min": null,
    "alkalinity_max": null,
    "alkalinity_ideal": null,
    "magnesium_min": null,
    "magnesium_max": null
  },

  "diet": {
    "diet_type": "detritivore",
    "diet_description": "Voracious appetite - will eat almost anything including substrate. Feeds on decaying wood, leaf litter, vegetables, and even reptile/invertebrate molts.",
    "food_items_primary": ["decaying_wood", "rotting_bark", "leaf_litter", "detritus"],
    "food_items_secondary": ["vegetables", "fish_flakes", "dried_shrimp", "dried_minnows", "reptile_shed"],
    "food_items_treats": ["carrots", "squash", "cucumber", "fruits"],
    "food_items_toxic": [],
    "food_size_max_inches": 0.5,
    "food_size_ratio": 0.6,
    "feeding_method": "grazer",
    "feeding_location": "ground",
    "feeding_time": "nocturnal",
    "meals_per_day": 0,
    "food_amount_description": "Continuous access to leaf litter and rotting wood (they will eat substrate!). Protein supplemented 2x weekly. Small vegetable portions to prevent molding.",
    "fasting_tolerance_days": 14,
    "starvation_days": 30,
    "hunger_rate_per_hour": 0.6,
    "satiation_threshold": 100,
    "requires_live_food": false,
    "accepts_frozen": false,
    "accepts_prepared": true,
    "gut_loading_beneficial": true,
    "supplements_required": ["calcium", "protein"],
    "supplement_frequency": "weekly",
    "hunting_style": "none",
    "hunting_success_rate": 0,
    "stalking_distance_inches": 0,
    "strike_distance_inches": 0,
    "strike_method": null,
    "strike_speed_ms": 0,
    "prey_detection_range_inches": 2,
    "prey_detection_method": ["chemoreception"],
    "will_eat_dead": true,
    "will_eat_own_species": true,
    "will_eat_eggs": false,
    "will_eat_young": false
  },

  "social": {
    "social_type": "colony",
    "social_description": "Social creatures that thrive in groups. Often found congregating in tunnel systems they create.",
    "min_group_size": 10,
    "max_group_size": 2000,
    "ideal_group_size": 50,
    "sex_ratio": "1m:1f",
    "sex_ratio_flexible": true,
    "hierarchy_type": "none",
    "hierarchy_description": null,
    "can_house_same_sex": true,
    "same_sex_aggression": "none",
    "male_male_aggression": "none",
    "female_female_aggression": "none",
    "territorial": false,
    "territory_size_sqft": 0,
    "territory_type": "none",
    "territory_markers": [],
    "defends_territory_against": [],
    "territory_overlap_tolerance": 1.0,
    "schooling_behavior": false,
    "schooling_tightness": "none",
    "shoaling_minimum": null,
    "prefers_conspecifics": true,
    "stress_when_alone": false,
    "stress_when_crowded": false,
    "crowding_threshold": 2000,
    "recognition_individual": false,
    "pair_bonding": false,
    "pair_bond_duration": null,
    "mourns_mate_death": false,
    "mourning_duration_days": 0,
    "alloparenting": false
  },

  "reproduction": {
    "reproduction_type": "live_bearer",
    "sexual_maturity_days": 180,
    "breeding_difficulty": "easy",
    "breeding_frequency": "continuous",
    "breeding_season": "year_round",
    "breeding_triggers": ["warmth", "adequate_moisture", "food_availability"],
    "breeding_trigger_details": "Breed quickly with ample space and food. Female attains sexual maturity around 6 months, can mate before full size. 2-4 weeks breeding cycle.",
    "courtship_behavior": false,
    "courtship_description": null,
    "courtship_duration_hours": 0,
    "courtship_initiator": null,
    "mating_display": false,
    "mating_display_description": null,
    "mating_aggression": "none",
    "clutch_size_min": 20,
    "clutch_size_max": 50,
    "clutch_size_average": 35,
    "clutches_per_year": 4,
    "egg_location": "marsupium",
    "egg_description": "Large eggs carried in marsupium (pouch) under female's belly",
    "egg_incubation_days": 28,
    "egg_incubation_temp_f": 77,
    "egg_care": "female",
    "egg_guarding": false,
    "larvae_stage": false,
    "larvae_type": "manca",
    "larvae_duration_days": 0,
    "larvae_care": "none",
    "larvae_transport": false,
    "larvae_transport_description": null,
    "larvae_food": [],
    "larvae_cannibalistic": false,
    "metamorphosis": false,
    "metamorphosis_days": 0,
    "live_birth": true,
    "gestation_days": 28,
    "parental_care_type": "marsupium_brooding",
    "parental_care_duration_days": 28,
    "offspring_survival_rate": 0.75,
    "will_breed_in_captivity": true
  },

  "behavior": {
    "activity_pattern": "nocturnal",
    "active_hours_start": 20,
    "active_hours_end": 6,
    "activity_level": "moderate",
    "activity_description": "Famous for complex burrowing behavior. Creates intricate subterranean tunnel systems - often seems like they've disappeared but they're just underground. Most active at night and early morning.",
    "movement_style": "crawl",
    "movement_styles_all": ["crawl", "burrow"],
    "movement_speed_slow": 0.02,
    "movement_speed_normal": 0.08,
    "movement_speed_fast": 0.2,
    "can_climb": true,
    "climb_surfaces": ["bark", "wood", "rock", "cork"],
    "can_swim": false,
    "swim_ability": "none",
    "can_jump": false,
    "jump_height_inches": 0,
    "jump_distance_inches": 0,
    "can_burrow": true,
    "burrow_depth_inches": 4,
    "can_fly": false,
    "can_glide": false,
    "arboreal": false,
    "terrestrial": true,
    "aquatic": false,
    "fossorial": true,
    "preferred_zone": "underground",
    "zone_usage": {"underground": 60, "ground": 35, "low": 5},
    "time_in_water_percent": 0,
    "basking_behavior": false,
    "basking_duration_hours": 0,
    "hiding_behavior": "frequent",
    "time_hidden_percent": 75,
    "hide_triggers": ["daylight", "disturbance"],
    "preferred_hides": ["underground_tunnels", "cork_bark", "rotting_wood"],
    "sleep_location": "underground",
    "sleep_position": "in_tunnel",
    "sleep_duration_hours": 14,
    "exploration_tendency": "medium",
    "curiosity_level": "low",
    "investigates_new_objects": false,
    "boldness_baseline": "moderate",
    "intelligence_level": "instinct_only",
    "can_learn": false,
    "learning_examples": [],
    "recognizes_keeper": false,
    "trainable": false,
    "plays": false
  },

  "stress": {
    "stress_baseline": 10,
    "stress_threshold_low": 30,
    "stress_threshold_high": 60,
    "stress_fatal_threshold": 90,
    "stress_recovery_rate": 4.0,
    "stress_indicators_visual": ["staying_on_surface", "pale_coloration"],
    "stress_indicators_behavioral": ["not_burrowing", "not_eating"],
    "stress_sources": {
      "low_humidity": {"threshold": 30, "stress_per_hour": 4},
      "high_temperature": {"threshold": 90, "stress_per_hour": 10},
      "low_temperature": {"threshold": 50, "stress_per_hour": 5},
      "no_food_7d": {"stress_per_hour": 3},
      "no_calcium": {"stress_per_hour": 2},
      "shallow_substrate": {"stress_per_hour": 3}
    },
    "hardiness": "hardy",
    "disease_susceptibility": "low",
    "common_diseases": [],
    "disease_symptoms": {},
    "quarantine_recommended": false,
    "quarantine_duration_days": 0,
    "acclimation_time_hours": 1,
    "acclimation_method": "direct_introduction",
    "drip_acclimate": false,
    "sensitive_to_chemicals": true,
    "chemical_sensitivities": ["pesticides", "copper"],
    "molting": true,
    "molt_frequency_days": 21,
    "molt_signs": ["pale_color", "burrowing_deep"],
    "molt_vulnerability": true,
    "molt_vulnerability_hours": 12,
    "regeneration": true,
    "regenerates_parts": ["legs", "antennae"],
    "venomous": false,
    "venom_potency": "none",
    "venom_delivery": "none",
    "venom_effects": [],
    "poisonous": false,
    "poison_potency": "none",
    "poison_notes": null,
    "dangerous_to_humans": false,
    "hp_max": 30,
    "hp_regeneration_per_hour": 2
  },

  "personality_ranges": {
    "boldness_min": 0.2,
    "boldness_max": 0.5,
    "boldness_default": 0.35,
    "aggression_min": 0.0,
    "aggression_max": 0.1,
    "aggression_default": 0.05,
    "activity_min": 0.3,
    "activity_max": 0.6,
    "activity_default": 0.45,
    "curiosity_min": 0.1,
    "curiosity_max": 0.4,
    "curiosity_default": 0.25
  },

  "compatibility": [
    {
      "target_species_id": "springtails",
      "target_species_name": "Springtails",
      "interaction_type": "neutral",
      "relationship_description": "Complementary cleanup crew",
      "can_cohabitate": true,
      "cohabitation_risk": "none",
      "cohabitation_notes": "Good pairing - springtails prevent mold while giant canyons handle larger debris",
      "is_predator": false,
      "is_prey": false,
      "prey_preference": "none",
      "predation_rate": 0,
      "will_attack": false,
      "will_kill": false,
      "attack_triggers": [],
      "avoidance_distance_inches": 0,
      "competition_for": ["detritus"],
      "aggression_level": "none",
      "symbiosis_type": "commensal",
      "symbiosis_benefits_received": ["mold_control"],
      "symbiosis_benefits_provided": []
    },
    {
      "target_species_id": "crested_gecko",
      "target_species_name": "Crested Gecko",
      "interaction_type": "prey",
      "relationship_description": "Prey and cleanup crew for bioactive vivarium",
      "can_cohabitate": true,
      "cohabitation_risk": "none",
      "cohabitation_notes": "Excellent for bioactive setups with predators - burrowing behavior helps maintain population despite predation. Good substrate aerators.",
      "is_predator": false,
      "is_prey": true,
      "prey_preference": "low",
      "predation_rate": 0.4,
      "will_attack": false,
      "will_kill": false,
      "attack_triggers": [],
      "avoidance_distance_inches": 6,
      "competition_for": [],
      "aggression_level": "none",
      "symbiosis_type": null,
      "symbiosis_benefits_received": [],
      "symbiosis_benefits_provided": ["waste_cleanup", "substrate_aeration"]
    }
  ],

  "aggression": {
    "aggression_baseline": "peaceful",
    "aggression_same_species": "none",
    "aggression_similar_species": "none",
    "aggression_dissimilar_species": "none",
    "triggers_aggression": [],
    "attack_damage": 0,
    "attack_speed": 0,
    "attack_range_inches": 0,
    "attack_method": null,
    "attack_description": null,
    "defense_method": ["burrow", "flee"],
    "defense_description": "Primary defense is burrowing underground into tunnel network. Also can flee quickly.",
    "threat_display": false,
    "threat_display_description": null,
    "retreats_when_outmatched": true,
    "retreat_health_threshold": 0.9,
    "fights_to_death": false,
    "armor": 0.15
  },

  "communication": {
    "vocalizes": false,
    "vocalization_types": [],
    "vocalization_descriptions": {},
    "vocalization_volume": "silent",
    "call_frequency": null,
    "call_time": null,
    "call_triggers": [],
    "call_attracts": [],
    "visual_signals": [],
    "visual_signal_descriptions": {},
    "chemical_signals": true,
    "pheromone_types": ["aggregation"],
    "tactile_signals": ["antennae_contact"],
    "electric_signals": false
  },

  "special_abilities": {
    "abilities": [
      {
        "ability_id": "tunnel_network",
        "ability_name": "Tunnel Engineer",
        "description": "Creates complex subterranean tunnel systems throughout enclosure",
        "effect": "substrate_aeration"
      },
      {
        "ability_id": "drought_tolerance",
        "ability_name": "Drought Tolerance",
        "description": "Hardy species tolerant of drier conditions than most isopods",
        "effect": "survives_low_humidity"
      },
      {
        "ability_id": "heavy_decomposer",
        "ability_name": "Heavy Decomposer",
        "description": "Voracious appetite processes large amounts of organic matter including substrate itself",
        "effect": "major_waste_reduction"
      },
      {
        "ability_id": "limb_regeneration",
        "ability_name": "Limb Regeneration",
        "description": "Can regrow lost limbs over successive molts",
        "effect": "recovers_from_injury"
      }
    ],
    "unique_behaviors": ["complex_burrowing", "tunnel_creation", "substrate_consumption"],
    "camouflage": true,
    "camouflage_type": "color_match",
    "camouflage_effectiveness": 0.6,
    "mimicry": false,
    "mimics_what": null,
    "bioluminescent": false,
    "bioluminescence_color": null,
    "fluorescent": false,
    "fluorescent_under_uv": false,
    "color_change": false,
    "color_change_triggers": [],
    "autotomy": false,
    "autotomy_part": null,
    "escape_artist": false,
    "escape_methods": []
  },

  "animations": {
    "animation_rig_type": "invertebrate_multi_leg",
    "animations_idle": ["antennae_wave", "grooming"],
    "animations_locomotion": ["crawl_slow", "crawl_medium", "burrow_down"],
    "animations_feeding": ["mouthparts_working", "substrate_consumption", "wood_grazing"],
    "animations_hunting": [],
    "animations_social": ["antennae_touch"],
    "animations_combat": [],
    "animations_stress": ["rapid_burrow", "flee"],
    "animations_rest": ["still", "in_tunnel"],
    "animations_reproduction": ["mating", "carrying_young_in_marsupium"],
    "animations_special": ["tunnel_digging", "emerging_from_substrate"],
    "animations_death": ["curl", "still"],
    "animation_notes": "Larger than most cleanup crew - notable size. Burrowing animation very important. Often only seen at night or early morning. Show tunnel entrance/exit behavior.",
    "sound_effects": ["digging", "substrate_movement", "scuttle"],
    "particle_effects": ["substrate_disturbance", "tunnel_debris"]
  },

  "category_specific": {
    "invert_type": "crustacean",
    "molts": true,
    "molt_frequency_days": 21,
    "molt_vulnerability_hours": 12,
    "eats_own_molt": true,
    "exoskeleton": true,
    "needs_shells": false,
    "shell_fighting": false,
    "segments": 11,
    "legs": 14,
    "claws": false,
    "antennae": true,
    "limb_regeneration": true,
    "regeneration_molts": 2,
    "filter_feeder": false,
    "detritivore": true,
    "algae_eater": false,
    "algae_types_eaten": [],
    "cleanup_crew_rating": "excellent",
    "reef_safe_invert": false
  }
}
