{
  "meta": {
    "schema_version": "1.0",
    "created": "2026-02-03",
    "updated": "2026-02-03",
    "author": "Claude",
    "status": "complete"
  },

  "identity": {
    "id": "powder_blue_isopods",
    "common_name": "Powder Blue Isopods",
    "scientific_name": "Porcellionides pruinosus",
    "family": "Porcellionidae",
    "category": "invertebrate",
    "subcategory": "cleanup_crew",
    "tier_unlock": 1,
    "difficulty": "easy",
    "price": 20,
    "rarity": "common",
    "description": "Hardy, fast-moving isopods with a distinctive powdery blue-gray coloration. Extremely prolific breeders and active feeders, making them one of the best bioactive cleanup crew species for beginners.",
    "real_world_notes": "Native to Mediterranean regions and Southwestern Asia/Europe. One of the most popular isopod species in the hobby due to adaptability and rapid reproduction. Juveniles appear gray, transitioning through purple to steel blue as adults. Known for being very fast and active surface dwellers.",
    "warnings": []
  },

  "physical": {
    "size_adult_inches": 0.5,
    "size_juvenile_inches": 0.1,
    "size_min_inches": 0.4,
    "size_max_inches": 0.6,
    "growth_rate": "fast",
    "time_to_maturity_days": 120,
    "lifespan_years_min": 1.0,
    "lifespan_years_max": 2.0,
    "weight_grams": 0.1,
    "body_shape": "flat",
    "body_description": "Oval, dorsoventrally flattened body with distinctive powdery blue-gray coloration. Fine exoskeletal texture gives dusty appearance between molts.",
    "colors_primary": ["blue", "gray"],
    "colors_secondary": ["silver", "purple"],
    "pattern": "solid",
    "pattern_description": "Uniform powdery blue-gray, sometimes with white or brown flecks. Juveniles gray, mature to steel blue.",
    "sexual_dimorphism": true,
    "dimorphism_details": "Males slightly smaller with narrower bodies; females broader for carrying eggs in marsupium",
    "morphs": ["powder_orange", "oreo_crumble", "orange_cream", "whiteout"],
    "morph_details": {
      "powder_orange": "Orange color variant of same species",
      "oreo_crumble": "Black and white spotted morph",
      "orange_cream": "Cream and orange coloration",
      "whiteout": "Pure white morph"
    }
  },

  "environment": {
    "environment_type": ["terrestrial"],
    "biome": "mediterranean",
    "origin": "Mediterranean, Southwestern Asia, Europe",
    "min_enclosure_gallons": 2,
    "min_enclosure_tier": 1,
    "floor_space_sqft": 0.05,
    "height_requirement": "none",
    "vertical_space_needed": false,
    "substrate_type": ["coconut_fiber", "soil", "peat_moss", "leaf_litter"],
    "substrate_depth_inches": 2,
    "water_feature_required": false,
    "water_feature_type": "none",
    "water_depth_inches": 0,
    "humidity_range_min": 40,
    "humidity_range_max": 90,
    "humidity_ideal": 60,
    "humidity_fatal_low": 20,
    "temperature_range_min_f": 60,
    "temperature_range_max_f": 90,
    "temperature_ideal_f": 75,
    "temperature_fatal_low_f": 40,
    "temperature_fatal_high_f": 100,
    "temperature_basking_f": null,
    "light_level": "low",
    "light_hours": 12,
    "uvb_required": false,
    "uvb_strength": 0,
    "air_flow": "medium",
    "hides_required": 1,
    "climbing_surfaces": true,
    "plants_required": false,
    "plant_density": "none",
    "leaf_litter_required": true,
    "branches_required": false,
    "special_requirements": ["cork_bark", "calcium_source", "moisture_gradient"]
  },

  "water_parameters": {
    "water_type": "none",
    "salinity_min": null,
    "salinity_max": null,
    "salinity_ideal": null,
    "ph_min": null,
    "ph_max": null,
    "ph_ideal": null,
    "ammonia_tolerance": null,
    "nitrite_tolerance": null,
    "nitrate_max": null,
    "gh_min": null,
    "gh_max": null,
    "gh_ideal": null,
    "kh_min": null,
    "kh_max": null,
    "kh_ideal": null,
    "temperature_water_min_f": null,
    "temperature_water_max_f": null,
    "temperature_water_ideal_f": null,
    "flow_preference": "none",
    "oxygen_requirement": "low",
    "depth_preference": null,
    "calcium_min": null,
    "calcium_max": null,
    "calcium_ideal": null,
    "alkalinity_min": null,
    "alkalinity_max": null,
    "alkalinity_ideal": null,
    "magnesium_min": null,
    "magnesium_max": null
  },

  "diet": {
    "diet_type": "detritivore",
    "diet_description": "Feeds on decaying plant matter, rotting wood, leaf litter, and organic debris. Protein lovers - especially fond of cricket legs and mealworm sheds.",
    "food_items_primary": ["decaying_leaves", "rotting_wood", "detritus", "leaf_litter"],
    "food_items_secondary": ["vegetables", "fish_flakes", "dried_insects", "mushrooms"],
    "food_items_treats": ["dried_minnows", "dried_shrimp", "carrots", "squash", "cucumber"],
    "food_items_toxic": [],
    "food_size_max_inches": 0.25,
    "food_size_ratio": 0.5,
    "feeding_method": "grazer",
    "feeding_location": "ground",
    "feeding_time": "diurnal",
    "meals_per_day": 0,
    "food_amount_description": "Continuous grazing. Supplement with vegetables and protein 2-3 times per week.",
    "fasting_tolerance_days": 14,
    "starvation_days": 30,
    "hunger_rate_per_hour": 0.5,
    "satiation_threshold": 100,
    "requires_live_food": false,
    "accepts_frozen": false,
    "accepts_prepared": true,
    "gut_loading_beneficial": true,
    "supplements_required": ["calcium"],
    "supplement_frequency": "always_available",
    "hunting_style": "none",
    "hunting_success_rate": 0,
    "stalking_distance_inches": 0,
    "strike_distance_inches": 0,
    "strike_method": null,
    "strike_speed_ms": 0,
    "prey_detection_range_inches": 1,
    "prey_detection_method": ["chemoreception"],
    "will_eat_dead": true,
    "will_eat_own_species": true,
    "will_eat_eggs": false,
    "will_eat_young": false
  },

  "social": {
    "social_type": "colony",
    "social_description": "Highly social, often foraging in groups. Cluster together seeking safety and moisture.",
    "min_group_size": 10,
    "max_group_size": 10000,
    "ideal_group_size": 100,
    "sex_ratio": "1m:2f",
    "sex_ratio_flexible": true,
    "hierarchy_type": "none",
    "hierarchy_description": null,
    "can_house_same_sex": true,
    "same_sex_aggression": "none",
    "male_male_aggression": "none",
    "female_female_aggression": "none",
    "territorial": false,
    "territory_size_sqft": 0,
    "territory_type": "none",
    "territory_markers": [],
    "defends_territory_against": [],
    "territory_overlap_tolerance": 1.0,
    "schooling_behavior": false,
    "schooling_tightness": "none",
    "shoaling_minimum": null,
    "prefers_conspecifics": true,
    "stress_when_alone": false,
    "stress_when_crowded": false,
    "crowding_threshold": 10000,
    "recognition_individual": false,
    "pair_bonding": false,
    "pair_bond_duration": null,
    "mourns_mate_death": false,
    "mourning_duration_days": 0,
    "alloparenting": false
  },

  "reproduction": {
    "reproduction_type": "live_bearer",
    "sexual_maturity_days": 90,
    "breeding_difficulty": "easy",
    "breeding_frequency": "continuous",
    "breeding_season": "year_round",
    "breeding_triggers": ["warmth", "adequate_moisture", "protein_availability"],
    "breeding_trigger_details": "Extremely prolific. Breeds faster at warmer temperatures. Sub-adults begin breeding before reaching full size.",
    "courtship_behavior": false,
    "courtship_description": null,
    "courtship_duration_hours": 0,
    "courtship_initiator": null,
    "mating_display": false,
    "mating_display_description": null,
    "mating_aggression": "none",
    "clutch_size_min": 30,
    "clutch_size_max": 50,
    "clutch_size_average": 40,
    "clutches_per_year": 6,
    "egg_location": "marsupium",
    "egg_description": "Eggs held in marsupium (brood pouch). Laid 8-14 days after mating.",
    "egg_incubation_days": 21,
    "egg_incubation_temp_f": 75,
    "egg_care": "female",
    "egg_guarding": false,
    "larvae_stage": false,
    "larvae_type": "manca",
    "larvae_duration_days": 0,
    "larvae_care": "none",
    "larvae_transport": false,
    "larvae_transport_description": null,
    "larvae_food": [],
    "larvae_cannibalistic": false,
    "metamorphosis": false,
    "metamorphosis_days": 0,
    "live_birth": true,
    "gestation_days": 21,
    "parental_care_type": "none",
    "parental_care_duration_days": 0,
    "offspring_survival_rate": 0.8,
    "will_breed_in_captivity": true
  },

  "behavior": {
    "activity_pattern": "diurnal",
    "active_hours_start": 6,
    "active_hours_end": 20,
    "activity_level": "high",
    "activity_description": "Highly active, fast-moving surface dwellers. More visible and active than many isopod species.",
    "movement_style": "crawl",
    "movement_styles_all": ["crawl"],
    "movement_speed_slow": 0.02,
    "movement_speed_normal": 0.1,
    "movement_speed_fast": 0.4,
    "can_climb": true,
    "climb_surfaces": ["bark", "wood", "plants", "cork", "glass"],
    "can_swim": false,
    "swim_ability": "none",
    "can_jump": false,
    "jump_height_inches": 0,
    "jump_distance_inches": 0,
    "can_burrow": true,
    "burrow_depth_inches": 2,
    "can_fly": false,
    "can_glide": false,
    "arboreal": false,
    "terrestrial": true,
    "aquatic": false,
    "fossorial": false,
    "preferred_zone": "ground",
    "zone_usage": {"underground": 20, "ground": 70, "low": 10},
    "time_in_water_percent": 0,
    "basking_behavior": false,
    "basking_duration_hours": 0,
    "hiding_behavior": "occasional",
    "time_hidden_percent": 40,
    "hide_triggers": ["threat", "low_humidity", "bright_light"],
    "preferred_hides": ["cork_bark", "leaf_litter", "rotting_wood"],
    "sleep_location": "ground",
    "sleep_position": "clustered",
    "sleep_duration_hours": 8,
    "exploration_tendency": "high",
    "curiosity_level": "medium",
    "investigates_new_objects": true,
    "boldness_baseline": "moderate",
    "intelligence_level": "instinct_only",
    "can_learn": false,
    "learning_examples": [],
    "recognizes_keeper": false,
    "trainable": false,
    "plays": false
  },

  "stress": {
    "stress_baseline": 10,
    "stress_threshold_low": 30,
    "stress_threshold_high": 60,
    "stress_fatal_threshold": 90,
    "stress_recovery_rate": 5.0,
    "stress_indicators_visual": ["clustering", "pale_coloration", "reduced_activity"],
    "stress_indicators_behavioral": ["hiding", "attempting_escape"],
    "stress_sources": {
      "low_humidity": {"threshold": 30, "stress_per_hour": 6},
      "high_temperature": {"threshold": 95, "stress_per_hour": 10},
      "low_temperature": {"threshold": 50, "stress_per_hour": 5},
      "no_food_7d": {"stress_per_hour": 3},
      "no_calcium": {"stress_per_hour": 2},
      "flooding": {"stress_per_hour": 15},
      "stagnant_air": {"stress_per_hour": 4},
      "overcrowding": {"stress_per_hour": 2}
    },
    "hardiness": "hardy",
    "disease_susceptibility": "low",
    "common_diseases": [],
    "disease_symptoms": {},
    "quarantine_recommended": false,
    "quarantine_duration_days": 0,
    "acclimation_time_hours": 1,
    "acclimation_method": "direct_introduction",
    "drip_acclimate": false,
    "sensitive_to_chemicals": true,
    "chemical_sensitivities": ["pesticides", "copper"],
    "molting": true,
    "molt_frequency_days": 14,
    "molt_signs": ["pale_color", "reduced_activity"],
    "molt_vulnerability": true,
    "molt_vulnerability_hours": 12,
    "regeneration": true,
    "regenerates_parts": ["legs", "antennae"],
    "venomous": false,
    "venom_potency": "none",
    "venom_delivery": "none",
    "venom_effects": [],
    "poisonous": false,
    "poison_potency": "none",
    "poison_notes": null,
    "dangerous_to_humans": false,
    "hp_max": 15,
    "hp_regeneration_per_hour": 1
  },

  "personality_ranges": {
    "boldness_min": 0.3,
    "boldness_max": 0.7,
    "boldness_default": 0.5,
    "aggression_min": 0.0,
    "aggression_max": 0.1,
    "aggression_default": 0.05,
    "activity_min": 0.5,
    "activity_max": 0.9,
    "activity_default": 0.7,
    "curiosity_min": 0.3,
    "curiosity_max": 0.6,
    "curiosity_default": 0.45
  },

  "compatibility": [
    {
      "target_species_id": "springtails",
      "target_species_name": "Springtails",
      "interaction_type": "neutral",
      "relationship_description": "Complementary cleanup crew members",
      "can_cohabitate": true,
      "cohabitation_risk": "none",
      "cohabitation_notes": "Excellent pairing - isopods handle larger debris, springtails handle mold",
      "is_predator": false,
      "is_prey": false,
      "prey_preference": "none",
      "predation_rate": 0,
      "will_attack": false,
      "will_kill": false,
      "attack_triggers": [],
      "avoidance_distance_inches": 0,
      "competition_for": ["detritus"],
      "aggression_level": "none",
      "symbiosis_type": "commensal",
      "symbiosis_benefits_received": [],
      "symbiosis_benefits_provided": []
    },
    {
      "target_species_id": "dwarf_white_isopods",
      "target_species_name": "Dwarf White Isopods",
      "interaction_type": "competitive",
      "relationship_description": "May outcompete smaller dwarf whites",
      "can_cohabitate": true,
      "cohabitation_risk": "low",
      "cohabitation_notes": "Powder blues may dominate due to larger size and faster movement. Not recommended to mix isopod species.",
      "is_predator": false,
      "is_prey": false,
      "prey_preference": "none",
      "predation_rate": 0,
      "will_attack": false,
      "will_kill": false,
      "attack_triggers": [],
      "avoidance_distance_inches": 0,
      "competition_for": ["food", "hiding_spots"],
      "aggression_level": "none",
      "symbiosis_type": null,
      "symbiosis_benefits_received": [],
      "symbiosis_benefits_provided": []
    },
    {
      "target_species_id": "dendrobates_auratus",
      "target_species_name": "Green and Black Dart Frog",
      "interaction_type": "prey",
      "relationship_description": "Prey item for dart frogs",
      "can_cohabitate": true,
      "cohabitation_risk": "none",
      "cohabitation_notes": "Good food source. Fast movement may make them harder to catch than slower isopods.",
      "is_predator": false,
      "is_prey": true,
      "prey_preference": "medium",
      "predation_rate": 0.5,
      "will_attack": false,
      "will_kill": false,
      "attack_triggers": [],
      "avoidance_distance_inches": 4,
      "competition_for": [],
      "aggression_level": "none",
      "symbiosis_type": null,
      "symbiosis_benefits_received": [],
      "symbiosis_benefits_provided": []
    },
    {
      "target_species_id": "mourning_gecko",
      "target_species_name": "Mourning Gecko",
      "interaction_type": "prey",
      "relationship_description": "Prey item for geckos",
      "can_cohabitate": true,
      "cohabitation_risk": "none",
      "cohabitation_notes": "Gecko will hunt isopods. Population self-sustains due to rapid breeding.",
      "is_predator": false,
      "is_prey": true,
      "prey_preference": "medium",
      "predation_rate": 0.6,
      "will_attack": false,
      "will_kill": false,
      "attack_triggers": [],
      "avoidance_distance_inches": 5,
      "competition_for": [],
      "aggression_level": "none",
      "symbiosis_type": null,
      "symbiosis_benefits_received": [],
      "symbiosis_benefits_provided": []
    }
  ],

  "aggression": {
    "aggression_baseline": "peaceful",
    "aggression_same_species": "none",
    "aggression_similar_species": "none",
    "aggression_dissimilar_species": "none",
    "triggers_aggression": [],
    "attack_damage": 0,
    "attack_speed": 0,
    "attack_range_inches": 0,
    "attack_method": null,
    "attack_description": null,
    "defense_method": ["flee"],
    "defense_description": "Extremely fast runners. Primary defense is rapid escape.",
    "threat_display": false,
    "threat_display_description": null,
    "retreats_when_outmatched": true,
    "retreat_health_threshold": 1.0,
    "fights_to_death": false,
    "armor": 0.1
  },

  "communication": {
    "vocalizes": false,
    "vocalization_types": [],
    "vocalization_descriptions": {},
    "vocalization_volume": "silent",
    "call_frequency": null,
    "call_time": null,
    "call_triggers": [],
    "call_attracts": [],
    "visual_signals": [],
    "visual_signal_descriptions": {},
    "chemical_signals": true,
    "pheromone_types": ["aggregation"],
    "tactile_signals": ["antennae_contact"],
    "electric_signals": false
  },

  "special_abilities": {
    "abilities": [
      {
        "ability_id": "rapid_escape",
        "ability_name": "Speed Burst",
        "description": "Extremely fast movement for an isopod - can quickly escape predators",
        "effect": "predator_avoidance"
      },
      {
        "ability_id": "detritus_processing",
        "ability_name": "Efficient Decomposer",
        "description": "Highly active feeders that efficiently break down organic waste",
        "effect": "reduces_waste_buildup"
      },
      {
        "ability_id": "limb_regeneration",
        "ability_name": "Limb Regeneration",
        "description": "Can regrow lost legs and antennae over successive molts",
        "effect": "recovers_from_injury"
      }
    ],
    "unique_behaviors": ["surface_foraging", "group_clustering", "escape_artistry"],
    "camouflage": false,
    "camouflage_type": null,
    "camouflage_effectiveness": 0,
    "mimicry": false,
    "mimics_what": null,
    "bioluminescent": false,
    "bioluminescence_color": null,
    "fluorescent": false,
    "fluorescent_under_uv": false,
    "color_change": true,
    "color_change_triggers": ["maturation"],
    "autotomy": false,
    "autotomy_part": null,
    "escape_artist": true,
    "escape_methods": ["fast_running", "climbing"]
  },

  "animations": {
    "animation_rig_type": "invertebrate_multi_leg",
    "animations_idle": ["antennae_wave", "grooming", "standing"],
    "animations_locomotion": ["crawl_slow", "crawl_fast", "sprint"],
    "animations_feeding": ["mouthparts_working", "leaf_grazing"],
    "animations_hunting": [],
    "animations_social": ["aggregation_cluster", "antennae_touch"],
    "animations_combat": [],
    "animations_stress": ["rapid_crawl", "escape_sprint"],
    "animations_rest": ["still", "tucked_under_cover"],
    "animations_reproduction": ["mating", "carrying_young_in_marsupium"],
    "animations_special": ["molting", "color_transition"],
    "animations_death": ["curl", "legs_twitch", "still"],
    "animation_notes": "Notably faster than other isopods - sprint animation should be visibly quicker. Color shifts from gray (juvenile) to purple to steel blue (adult).",
    "sound_effects": ["scuttle", "leaf_rustle"],
    "particle_effects": ["substrate_disturbance"]
  },

  "category_specific": {
    "invert_type": "crustacean",
    "molts": true,
    "molt_frequency_days": 14,
    "molt_vulnerability_hours": 12,
    "eats_own_molt": true,
    "exoskeleton": true,
    "needs_shells": false,
    "shell_fighting": false,
    "segments": 14,
    "legs": 14,
    "claws": false,
    "antennae": true,
    "limb_regeneration": true,
    "regeneration_molts": 2,
    "filter_feeder": false,
    "detritivore": true,
    "algae_eater": false,
    "algae_types_eaten": [],
    "cleanup_crew_rating": "excellent",
    "reef_safe_invert": false
  }
}
