{
  "meta": {
    "schema_version": "1.0",
    "created": "2026-02-03",
    "updated": "2026-02-03",
    "author": "Claude",
    "status": "complete"
  },

  "identity": {
    "id": "rubber_ducky_isopods",
    "common_name": "Rubber Ducky Isopods",
    "scientific_name": "Cubaris sp.",
    "family": "Armadillidiidae",
    "category": "invertebrate",
    "subcategory": "cleanup_crew",
    "tier_unlock": 2,
    "difficulty": "medium",
    "price": 250,
    "rarity": "rare",
    "description": "The most iconic designer isopod in the hobby. Adorable yellow coloration with distinctive duck-like facial markings. Discovered in 2017 in Thai limestone caves. Slow-growing and slow-breeding but highly sought after.",
    "real_world_notes": "Discovered in 2017 in limestone caves of Thailand. The yellow cephalothorax and facial markings resemble a rubber duck, giving them their name. NOT a beginner species - requires consistent high humidity and warmth. Can take months to acclimate. Slow growers taking several months to reach maturity. Small broods of 2-10. Tend to burrow deep and hide - may not be seen for weeks. Cave-dwelling origin means they love limestone as a calcium source.",
    "warnings": ["not_beginner_species", "expensive", "slow_breeding"]
  },

  "physical": {
    "size_adult_inches": 0.6,
    "size_juvenile_inches": 0.15,
    "size_min_inches": 0.5,
    "size_max_inches": 0.8,
    "growth_rate": "slow",
    "time_to_maturity_days": 300,
    "lifespan_years_min": 2.0,
    "lifespan_years_max": 5.0,
    "weight_grams": 0.2,
    "body_shape": "round",
    "body_description": "Medium-sized pillbug with distinctive bright yellow cephalothorax ('head') that resembles a rubber duck face. Can roll into a ball.",
    "colors_primary": ["yellow"],
    "colors_secondary": ["orange", "gray", "black"],
    "pattern": "banded",
    "pattern_description": "Bright yellow cephalothorax with darker body segments. Facial markings create distinctive 'duck bill' appearance.",
    "sexual_dimorphism": true,
    "dimorphism_details": "Females larger with visible marsupium. Males slightly smaller.",
    "morphs": ["blonde_ducky", "pak_chong", "red_pak_chong", "white_ducky", "panda_king"],
    "morph_details": {
      "blonde_ducky": "Lighter yellow-amber facial coloration",
      "pak_chong": "Pink-colored beak/face instead of yellow",
      "red_pak_chong": "Red-colored beak/face",
      "white_ducky": "White facial coloration",
      "panda_king": "Gray related species with different pattern"
    }
  },

  "environment": {
    "environment_type": ["terrestrial"],
    "biome": "tropical_cave",
    "origin": "Thailand (limestone caves)",
    "min_enclosure_gallons": 5,
    "min_enclosure_tier": 2,
    "floor_space_sqft": 0.1,
    "height_requirement": "none",
    "vertical_space_needed": false,
    "substrate_type": ["coconut_fiber", "soil", "sphagnum_moss", "rotting_wood"],
    "substrate_depth_inches": 6,
    "water_feature_required": false,
    "water_feature_type": "none",
    "water_depth_inches": 0,
    "humidity_range_min": 75,
    "humidity_range_max": 90,
    "humidity_ideal": 85,
    "humidity_fatal_low": 50,
    "temperature_range_min_f": 70,
    "temperature_range_max_f": 82,
    "temperature_ideal_f": 77,
    "temperature_fatal_low_f": 55,
    "temperature_fatal_high_f": 90,
    "temperature_basking_f": null,
    "light_level": "very_low",
    "light_hours": 10,
    "uvb_required": false,
    "uvb_strength": 0,
    "air_flow": "low",
    "hides_required": 3,
    "climbing_surfaces": true,
    "plants_required": false,
    "plant_density": "none",
    "leaf_litter_required": true,
    "branches_required": false,
    "special_requirements": ["limestone", "deep_substrate", "cork_bark", "consistent_conditions"]
  },

  "water_parameters": {
    "water_type": "none",
    "salinity_min": null,
    "salinity_max": null,
    "salinity_ideal": null,
    "ph_min": null,
    "ph_max": null,
    "ph_ideal": null,
    "ammonia_tolerance": null,
    "nitrite_tolerance": null,
    "nitrate_max": null,
    "gh_min": null,
    "gh_max": null,
    "gh_ideal": null,
    "kh_min": null,
    "kh_max": null,
    "kh_ideal": null,
    "temperature_water_min_f": null,
    "temperature_water_max_f": null,
    "temperature_water_ideal_f": null,
    "flow_preference": "none",
    "oxygen_requirement": "low",
    "depth_preference": null,
    "calcium_min": null,
    "calcium_max": null,
    "calcium_ideal": null,
    "alkalinity_min": null,
    "alkalinity_max": null,
    "alkalinity_ideal": null,
    "magnesium_min": null,
    "magnesium_max": null
  },

  "diet": {
    "diet_type": "detritivore",
    "diet_description": "Feeds on decaying wood, leaf litter, and organic matter. Requires varied protein and especially benefits from limestone as calcium source (mirrors cave habitat).",
    "food_items_primary": ["decaying_leaves", "rotting_wood", "leaf_litter", "detritus"],
    "food_items_secondary": ["dried_shrimp", "dried_minnows", "fish_flakes", "vegetables"],
    "food_items_treats": ["carrots", "squash", "cucumber", "yellow_squash"],
    "food_items_toxic": [],
    "food_size_max_inches": 0.3,
    "food_size_ratio": 0.5,
    "feeding_method": "grazer",
    "feeding_location": "ground",
    "feeding_time": "nocturnal",
    "meals_per_day": 0,
    "food_amount_description": "Continuous access to leaf litter and rotting wood. Protein supplemented 1-2 times weekly. Place protein on drier side to prevent spoilage.",
    "fasting_tolerance_days": 14,
    "starvation_days": 30,
    "hunger_rate_per_hour": 0.4,
    "satiation_threshold": 100,
    "requires_live_food": false,
    "accepts_frozen": false,
    "accepts_prepared": true,
    "gut_loading_beneficial": true,
    "supplements_required": ["calcium", "limestone"],
    "supplement_frequency": "always_available",
    "hunting_style": "none",
    "hunting_success_rate": 0,
    "stalking_distance_inches": 0,
    "strike_distance_inches": 0,
    "strike_method": null,
    "strike_speed_ms": 0,
    "prey_detection_range_inches": 1,
    "prey_detection_method": ["chemoreception"],
    "will_eat_dead": true,
    "will_eat_own_species": false,
    "will_eat_eggs": false,
    "will_eat_young": false
  },

  "social": {
    "social_type": "colony",
    "social_description": "Lives in colonies but shy. May not be seen for weeks as they burrow deep in substrate.",
    "min_group_size": 6,
    "max_group_size": 500,
    "ideal_group_size": 30,
    "sex_ratio": "1m:1f",
    "sex_ratio_flexible": true,
    "hierarchy_type": "none",
    "hierarchy_description": null,
    "can_house_same_sex": true,
    "same_sex_aggression": "none",
    "male_male_aggression": "none",
    "female_female_aggression": "none",
    "territorial": false,
    "territory_size_sqft": 0,
    "territory_type": "none",
    "territory_markers": [],
    "defends_territory_against": [],
    "territory_overlap_tolerance": 1.0,
    "schooling_behavior": false,
    "schooling_tightness": "none",
    "shoaling_minimum": null,
    "prefers_conspecifics": true,
    "stress_when_alone": false,
    "stress_when_crowded": false,
    "crowding_threshold": 500,
    "recognition_individual": false,
    "pair_bonding": false,
    "pair_bond_duration": null,
    "mourns_mate_death": false,
    "mourning_duration_days": 0,
    "alloparenting": false
  },

  "reproduction": {
    "reproduction_type": "live_bearer",
    "sexual_maturity_days": 300,
    "breeding_difficulty": "hard",
    "breeding_frequency": "continuous_when_established",
    "breeding_season": "year_round",
    "breeding_triggers": ["stable_high_humidity", "warmth", "adequate_calcium"],
    "breeding_trigger_details": "Can take 3-4+ months to acclimate before first breeding. Once established, breeds year-round but slowly. Small broods of 2-10 (advanced keepers report 10-20+). Gestation approximately 60 days.",
    "courtship_behavior": false,
    "courtship_description": null,
    "courtship_duration_hours": 0,
    "courtship_initiator": null,
    "mating_display": false,
    "mating_display_description": null,
    "mating_aggression": "none",
    "clutch_size_min": 2,
    "clutch_size_max": 20,
    "clutch_size_average": 7,
    "clutches_per_year": 3,
    "egg_location": "marsupium",
    "egg_description": "Eggs held in marsupium until young emerge as mancae",
    "egg_incubation_days": 60,
    "egg_incubation_temp_f": 77,
    "egg_care": "female",
    "egg_guarding": false,
    "larvae_stage": false,
    "larvae_type": "manca",
    "larvae_duration_days": 0,
    "larvae_care": "none",
    "larvae_transport": false,
    "larvae_transport_description": null,
    "larvae_food": [],
    "larvae_cannibalistic": false,
    "metamorphosis": false,
    "metamorphosis_days": 0,
    "live_birth": true,
    "gestation_days": 60,
    "parental_care_type": "marsupium_brooding",
    "parental_care_duration_days": 60,
    "offspring_survival_rate": 0.7,
    "will_breed_in_captivity": true
  },

  "behavior": {
    "activity_pattern": "nocturnal",
    "active_hours_start": 20,
    "active_hours_end": 6,
    "activity_level": "low",
    "activity_description": "Very shy. Spends significant time fully submerged in substrate. May burrow for weeks and not be seen. Rolls into ball when exposed.",
    "movement_style": "crawl",
    "movement_styles_all": ["crawl"],
    "movement_speed_slow": 0.01,
    "movement_speed_normal": 0.03,
    "movement_speed_fast": 0.1,
    "can_climb": true,
    "climb_surfaces": ["bark", "wood", "cork"],
    "can_swim": false,
    "swim_ability": "none",
    "can_jump": false,
    "jump_height_inches": 0,
    "jump_distance_inches": 0,
    "can_burrow": true,
    "burrow_depth_inches": 6,
    "can_fly": false,
    "can_glide": false,
    "arboreal": false,
    "terrestrial": true,
    "aquatic": false,
    "fossorial": true,
    "preferred_zone": "underground",
    "zone_usage": {"underground": 70, "ground": 25, "low": 5},
    "time_in_water_percent": 0,
    "basking_behavior": false,
    "basking_duration_hours": 0,
    "hiding_behavior": "mostly_hidden",
    "time_hidden_percent": 85,
    "hide_triggers": ["any_disturbance", "light", "low_humidity"],
    "preferred_hides": ["deep_substrate", "cork_bark", "rotting_wood", "limestone_crevices"],
    "sleep_location": "underground",
    "sleep_position": "burrowed",
    "sleep_duration_hours": 14,
    "exploration_tendency": "low",
    "curiosity_level": "low",
    "investigates_new_objects": false,
    "boldness_baseline": "timid",
    "intelligence_level": "instinct_only",
    "can_learn": false,
    "learning_examples": [],
    "recognizes_keeper": false,
    "trainable": false,
    "plays": false
  },

  "stress": {
    "stress_baseline": 20,
    "stress_threshold_low": 40,
    "stress_threshold_high": 70,
    "stress_fatal_threshold": 90,
    "stress_recovery_rate": 2.0,
    "stress_indicators_visual": ["staying_rolled_up", "pale_coloration"],
    "stress_indicators_behavioral": ["constant_burrowing", "not_eating", "death"],
    "stress_sources": {
      "low_humidity": {"threshold": 65, "stress_per_hour": 10},
      "high_temperature": {"threshold": 85, "stress_per_hour": 12},
      "low_temperature": {"threshold": 65, "stress_per_hour": 8},
      "humidity_fluctuation": {"stress_per_hour": 8},
      "temperature_fluctuation": {"stress_per_hour": 8},
      "no_food_7d": {"stress_per_hour": 4},
      "no_calcium": {"stress_per_hour": 5},
      "dry_substrate": {"stress_per_hour": 15}
    },
    "hardiness": "delicate",
    "disease_susceptibility": "medium",
    "common_diseases": ["dehydration", "mold_infection"],
    "disease_symptoms": {
      "dehydration": ["lethargy", "death"],
      "mold_infection": ["fuzzy_growth"]
    },
    "quarantine_recommended": true,
    "quarantine_duration_days": 30,
    "acclimation_time_hours": 2,
    "acclimation_method": "slow_introduction",
    "drip_acclimate": false,
    "sensitive_to_chemicals": true,
    "chemical_sensitivities": ["pesticides", "copper", "chlorine"],
    "molting": true,
    "molt_frequency_days": 28,
    "molt_signs": ["burrowing_deep", "reduced_activity"],
    "molt_vulnerability": true,
    "molt_vulnerability_hours": 24,
    "regeneration": true,
    "regenerates_parts": ["legs", "antennae"],
    "venomous": false,
    "venom_potency": "none",
    "venom_delivery": "none",
    "venom_effects": [],
    "poisonous": false,
    "poison_potency": "none",
    "poison_notes": null,
    "dangerous_to_humans": false,
    "hp_max": 20,
    "hp_regeneration_per_hour": 1
  },

  "personality_ranges": {
    "boldness_min": 0.1,
    "boldness_max": 0.3,
    "boldness_default": 0.2,
    "aggression_min": 0.0,
    "aggression_max": 0.1,
    "aggression_default": 0.05,
    "activity_min": 0.1,
    "activity_max": 0.4,
    "activity_default": 0.25,
    "curiosity_min": 0.1,
    "curiosity_max": 0.3,
    "curiosity_default": 0.2
  },

  "compatibility": [
    {
      "target_species_id": "springtails",
      "target_species_name": "Springtails",
      "interaction_type": "neutral",
      "relationship_description": "Complementary cleanup crew",
      "can_cohabitate": true,
      "cohabitation_risk": "none",
      "cohabitation_notes": "Good pairing - springtails control mold which is important in high humidity Cubaris setup",
      "is_predator": false,
      "is_prey": false,
      "prey_preference": "none",
      "predation_rate": 0,
      "will_attack": false,
      "will_kill": false,
      "attack_triggers": [],
      "avoidance_distance_inches": 0,
      "competition_for": ["detritus"],
      "aggression_level": "none",
      "symbiosis_type": "commensal",
      "symbiosis_benefits_received": ["mold_control"],
      "symbiosis_benefits_provided": []
    },
    {
      "target_species_id": "powder_blue_isopods",
      "target_species_name": "Powder Blue Isopods",
      "interaction_type": "competitive",
      "relationship_description": "Faster breeding species will outcompete",
      "can_cohabitate": false,
      "cohabitation_risk": "high",
      "cohabitation_notes": "Never mix Cubaris with faster breeding Porcellionides - they will be outcompeted and stressed",
      "is_predator": false,
      "is_prey": false,
      "prey_preference": "none",
      "predation_rate": 0,
      "will_attack": false,
      "will_kill": false,
      "attack_triggers": [],
      "avoidance_distance_inches": 0,
      "competition_for": ["food", "space", "hides"],
      "aggression_level": "none",
      "symbiosis_type": null,
      "symbiosis_benefits_received": [],
      "symbiosis_benefits_provided": []
    }
  ],

  "aggression": {
    "aggression_baseline": "peaceful",
    "aggression_same_species": "none",
    "aggression_similar_species": "none",
    "aggression_dissimilar_species": "none",
    "triggers_aggression": [],
    "attack_damage": 0,
    "attack_speed": 0,
    "attack_range_inches": 0,
    "attack_method": null,
    "attack_description": null,
    "defense_method": ["curl", "burrow"],
    "defense_description": "Rolls into tight ball when threatened, then burrows deep into substrate",
    "threat_display": false,
    "threat_display_description": null,
    "retreats_when_outmatched": true,
    "retreat_health_threshold": 1.0,
    "fights_to_death": false,
    "armor": 0.25
  },

  "communication": {
    "vocalizes": false,
    "vocalization_types": [],
    "vocalization_descriptions": {},
    "vocalization_volume": "silent",
    "call_frequency": null,
    "call_time": null,
    "call_triggers": [],
    "call_attracts": [],
    "visual_signals": [],
    "visual_signal_descriptions": {},
    "chemical_signals": true,
    "pheromone_types": ["aggregation"],
    "tactile_signals": ["antennae_contact"],
    "electric_signals": false
  },

  "special_abilities": {
    "abilities": [
      {
        "ability_id": "conglobation",
        "ability_name": "Ball Defense",
        "description": "Rolls into tight protective ball when threatened",
        "effect": "defense_boost"
      },
      {
        "ability_id": "deep_burrowing",
        "ability_name": "Deep Burrower",
        "description": "Burrows deep into substrate for protection and molting",
        "effect": "predator_avoidance"
      },
      {
        "ability_id": "limestone_affinity",
        "ability_name": "Cave Dweller",
        "description": "Thrives with limestone in habitat, mimicking natural cave environment",
        "effect": "calcium_bonus"
      }
    ],
    "unique_behaviors": ["deep_burrowing", "extreme_shyness", "cave_dwelling"],
    "camouflage": false,
    "camouflage_type": null,
    "camouflage_effectiveness": 0,
    "mimicry": false,
    "mimics_what": null,
    "bioluminescent": false,
    "bioluminescence_color": null,
    "fluorescent": false,
    "fluorescent_under_uv": false,
    "color_change": false,
    "color_change_triggers": [],
    "autotomy": false,
    "autotomy_part": null,
    "escape_artist": false,
    "escape_methods": []
  },

  "animations": {
    "animation_rig_type": "invertebrate_multi_leg",
    "animations_idle": ["antennae_wave", "grooming"],
    "animations_locomotion": ["crawl_slow"],
    "animations_feeding": ["mouthparts_working", "leaf_grazing"],
    "animations_hunting": [],
    "animations_social": ["antennae_touch"],
    "animations_combat": [],
    "animations_stress": ["roll_into_ball", "burrow_down"],
    "animations_rest": ["still", "burrowed_in_substrate"],
    "animations_reproduction": ["mating", "carrying_young_in_marsupium"],
    "animations_special": ["conglobation", "unrolling", "emerging_from_substrate"],
    "animations_death": ["curl", "still"],
    "animation_notes": "Signature yellow 'duck face' must be clearly visible and adorable. Rolling animation important. Show burrowing behavior. Very slow movement compared to other isopods.",
    "sound_effects": ["soft_scuttle", "substrate_movement"],
    "particle_effects": ["substrate_disturbance"]
  },

  "category_specific": {
    "invert_type": "crustacean",
    "molts": true,
    "molt_frequency_days": 28,
    "molt_vulnerability_hours": 24,
    "eats_own_molt": true,
    "exoskeleton": true,
    "needs_shells": false,
    "shell_fighting": false,
    "segments": 7,
    "legs": 14,
    "claws": false,
    "antennae": true,
    "limb_regeneration": true,
    "regeneration_molts": 3,
    "filter_feeder": false,
    "detritivore": true,
    "algae_eater": false,
    "algae_types_eaten": [],
    "cleanup_crew_rating": "fair",
    "reef_safe_invert": false
  }
}
