{
  "meta": {
    "schema_version": "1.0",
    "created": "2026-02-03",
    "updated": "2026-02-03",
    "author": "Claude",
    "status": "complete"
  },

  "identity": {
    "id": "springtails",
    "common_name": "Springtails",
    "scientific_name": "Folsomia candida",
    "family": "Isotomidae",
    "category": "invertebrate",
    "subcategory": "cleanup_crew",
    "tier_unlock": 1,
    "difficulty": "easy",
    "price": 10,
    "rarity": "common",
    "description": "Tiny white decomposers essential for any bioactive setup. They consume mold, fungus, and decaying matter while serving as nutritious prey for small predators. Reproduces parthenogenetically.",
    "real_world_notes": "Folsomia candida is a cosmopolitan species found worldwide in soil habitats. It reproduces parthenogenetically (all female, asexual) in the presence of Wolbachia bacteria. Used extensively as a model organism in ecotoxicology research for over 40 years. Can achieve densities of 100,000 individuals per square meter in natural habitats.",
    "warnings": []
  },

  "physical": {
    "size_adult_inches": 0.1,
    "size_juvenile_inches": 0.03,
    "size_min_inches": 0.08,
    "size_max_inches": 0.12,
    "growth_rate": "fast",
    "time_to_maturity_days": 20,
    "lifespan_years_min": 0.5,
    "lifespan_years_max": 2.5,
    "weight_grams": 0.0001,
    "body_shape": "elongated",
    "body_description": "Tiny slender unpigmented body with six legs and a forked tail-like furcula used for jumping. Soft-bodied hexapod.",
    "colors_primary": ["white"],
    "colors_secondary": [],
    "pattern": "solid",
    "pattern_description": "Uniform white, unpigmented",
    "sexual_dimorphism": false,
    "dimorphism_details": "All individuals are female - parthenogenetic species",
    "morphs": [],
    "morph_details": {}
  },

  "environment": {
    "environment_type": ["terrestrial"],
    "biome": "cosmopolitan",
    "origin": "Worldwide (cosmopolitan distribution)",
    "min_enclosure_gallons": 1,
    "min_enclosure_tier": 1,
    "floor_space_sqft": 0.01,
    "height_requirement": "none",
    "vertical_space_needed": false,
    "substrate_type": ["soil", "leaf_litter", "sphagnum", "charcoal"],
    "substrate_depth_inches": 1,
    "water_feature_required": false,
    "water_feature_type": "none",
    "water_depth_inches": 0,
    "humidity_range_min": 70,
    "humidity_range_max": 100,
    "humidity_ideal": 95,
    "humidity_fatal_low": 40,
    "temperature_range_min_f": 40,
    "temperature_range_max_f": 85,
    "temperature_ideal_f": 72,
    "temperature_fatal_low_f": 32,
    "temperature_fatal_high_f": 95,
    "temperature_basking_f": null,
    "light_level": "very_low",
    "light_hours": 12,
    "uvb_required": false,
    "uvb_strength": 0,
    "air_flow": "low",
    "hides_required": 0,
    "climbing_surfaces": false,
    "plants_required": false,
    "plant_density": "none",
    "leaf_litter_required": true,
    "branches_required": false,
    "special_requirements": ["moist_substrate", "organic_matter"]
  },

  "water_parameters": {
    "water_type": "none",
    "salinity_min": null,
    "salinity_max": null,
    "salinity_ideal": null,
    "ph_min": null,
    "ph_max": null,
    "ph_ideal": null,
    "ammonia_tolerance": null,
    "nitrite_tolerance": null,
    "nitrate_max": null,
    "gh_min": null,
    "gh_max": null,
    "gh_ideal": null,
    "kh_min": null,
    "kh_max": null,
    "kh_ideal": null,
    "temperature_water_min_f": null,
    "temperature_water_max_f": null,
    "temperature_water_ideal_f": null,
    "flow_preference": "none",
    "oxygen_requirement": "low",
    "depth_preference": null,
    "calcium_min": null,
    "calcium_max": null,
    "calcium_ideal": null,
    "alkalinity_min": null,
    "alkalinity_max": null,
    "alkalinity_ideal": null,
    "magnesium_min": null,
    "magnesium_max": null
  },

  "diet": {
    "diet_type": "detritivore",
    "diet_description": "Feeds on mold, fungus, decaying plant matter, yeast, bacteria, and mycorrhizal fungi. Important role in nutrient cycling.",
    "food_items_primary": ["mold", "fungus", "decaying_leaves", "yeast", "bacteria"],
    "food_items_secondary": ["algae", "detritus", "mycorrhizae"],
    "food_items_treats": ["brewers_yeast", "fish_flakes"],
    "food_items_toxic": [],
    "food_size_max_inches": 0.01,
    "food_size_ratio": 0.1,
    "feeding_method": "grazer",
    "feeding_location": "substrate",
    "feeding_time": "always",
    "meals_per_day": 0,
    "food_amount_description": "Continuous grazing on available organic matter and microorganisms",
    "fasting_tolerance_days": 7,
    "starvation_days": 14,
    "hunger_rate_per_hour": 1.0,
    "satiation_threshold": 100,
    "requires_live_food": false,
    "accepts_frozen": false,
    "accepts_prepared": true,
    "gut_loading_beneficial": false,
    "supplements_required": [],
    "supplement_frequency": null,
    "hunting_style": "none",
    "hunting_success_rate": 0,
    "stalking_distance_inches": 0,
    "strike_distance_inches": 0,
    "strike_method": null,
    "strike_speed_ms": 0,
    "prey_detection_range_inches": 0.2,
    "prey_detection_method": ["chemoreception"],
    "will_eat_dead": true,
    "will_eat_own_species": false,
    "will_eat_eggs": false,
    "will_eat_young": false
  },

  "social": {
    "social_type": "colony",
    "social_description": "Lives in dense colonies numbering hundreds to thousands. All-female population due to parthenogenesis.",
    "min_group_size": 20,
    "max_group_size": 100000,
    "ideal_group_size": 500,
    "sex_ratio": "all_female",
    "sex_ratio_flexible": false,
    "hierarchy_type": "none",
    "hierarchy_description": null,
    "can_house_same_sex": true,
    "same_sex_aggression": "none",
    "male_male_aggression": "none",
    "female_female_aggression": "none",
    "territorial": false,
    "territory_size_sqft": 0,
    "territory_type": "none",
    "territory_markers": [],
    "defends_territory_against": [],
    "territory_overlap_tolerance": 1.0,
    "schooling_behavior": false,
    "schooling_tightness": "none",
    "shoaling_minimum": null,
    "prefers_conspecifics": true,
    "stress_when_alone": false,
    "stress_when_crowded": false,
    "crowding_threshold": 100000,
    "recognition_individual": false,
    "pair_bonding": false,
    "pair_bond_duration": null,
    "mourns_mate_death": false,
    "mourning_duration_days": 0,
    "alloparenting": false
  },

  "reproduction": {
    "reproduction_type": "parthenogenic",
    "sexual_maturity_days": 20,
    "breeding_difficulty": "easy",
    "breeding_frequency": "continuous",
    "breeding_season": "year_round",
    "breeding_triggers": ["adequate_moisture", "food_availability", "warmth"],
    "breeding_trigger_details": "Reproduces parthenogenetically - no males needed. Continuous reproduction when conditions favorable. Temperatures above 80F slow reproduction.",
    "courtship_behavior": false,
    "courtship_description": null,
    "courtship_duration_hours": 0,
    "courtship_initiator": null,
    "mating_display": false,
    "mating_display_description": null,
    "mating_aggression": "none",
    "clutch_size_min": 5,
    "clutch_size_max": 30,
    "clutch_size_average": 15,
    "clutches_per_year": 30,
    "egg_location": "substrate",
    "egg_description": "Microscopic eggs laid in moist substrate. Hatch in approximately 10 days.",
    "egg_incubation_days": 10,
    "egg_incubation_temp_f": 72,
    "egg_care": "none",
    "egg_guarding": false,
    "larvae_stage": false,
    "larvae_type": null,
    "larvae_duration_days": 0,
    "larvae_care": "none",
    "larvae_transport": false,
    "larvae_transport_description": null,
    "larvae_food": [],
    "larvae_cannibalistic": false,
    "metamorphosis": false,
    "metamorphosis_days": 0,
    "live_birth": false,
    "gestation_days": null,
    "parental_care_type": "none",
    "parental_care_duration_days": 0,
    "offspring_survival_rate": 0.7,
    "will_breed_in_captivity": true,
    "lifetime_egg_production": 400
  },

  "behavior": {
    "activity_pattern": "cathemeral",
    "active_hours_start": 0,
    "active_hours_end": 24,
    "activity_level": "high",
    "activity_description": "Constantly active, crawling through substrate in search of food. Activity influenced by moisture levels.",
    "movement_style": "crawl",
    "movement_styles_all": ["crawl", "jump"],
    "movement_speed_slow": 0.01,
    "movement_speed_normal": 0.05,
    "movement_speed_fast": 0.5,
    "can_climb": true,
    "climb_surfaces": ["soil", "plants", "glass", "wood", "charcoal"],
    "can_swim": false,
    "swim_ability": "poor",
    "can_jump": true,
    "jump_height_inches": 2,
    "jump_distance_inches": 3,
    "can_burrow": true,
    "burrow_depth_inches": 8,
    "can_fly": false,
    "can_glide": false,
    "arboreal": false,
    "terrestrial": true,
    "aquatic": false,
    "fossorial": true,
    "preferred_zone": "underground",
    "zone_usage": {"underground": 70, "ground": 25, "low": 5},
    "time_in_water_percent": 0,
    "basking_behavior": false,
    "basking_duration_hours": 0,
    "hiding_behavior": "mostly_hidden",
    "time_hidden_percent": 80,
    "hide_triggers": ["light", "disturbance", "low_humidity"],
    "preferred_hides": ["substrate", "leaf_litter", "under_bark", "charcoal"],
    "sleep_location": "burrow",
    "sleep_position": "clustered",
    "sleep_duration_hours": 0,
    "exploration_tendency": "high",
    "curiosity_level": "low",
    "investigates_new_objects": false,
    "boldness_baseline": "timid",
    "intelligence_level": "instinct_only",
    "can_learn": false,
    "learning_examples": [],
    "recognizes_keeper": false,
    "trainable": false,
    "plays": false
  },

  "stress": {
    "stress_baseline": 10,
    "stress_threshold_low": 30,
    "stress_threshold_high": 60,
    "stress_fatal_threshold": 90,
    "stress_recovery_rate": 5.0,
    "stress_indicators_visual": ["clustering_at_surface", "reduced_activity"],
    "stress_indicators_behavioral": ["mass_jumping", "attempting_escape", "floating_on_water"],
    "stress_sources": {
      "low_humidity": {"threshold": 50, "stress_per_hour": 10},
      "high_temperature": {"threshold": 85, "stress_per_hour": 8},
      "low_temperature": {"threshold": 40, "stress_per_hour": 5},
      "dry_substrate": {"stress_per_hour": 12},
      "no_food_72h": {"stress_per_hour": 5},
      "bright_light": {"stress_per_hour": 3},
      "flooding": {"stress_per_hour": 8},
      "pesticide_exposure": {"stress_per_hour": 50},
      "soil_pollutants": {"stress_per_hour": 20}
    },
    "hardiness": "hardy",
    "disease_susceptibility": "low",
    "common_diseases": [],
    "disease_symptoms": {},
    "quarantine_recommended": false,
    "quarantine_duration_days": 0,
    "acclimation_time_hours": 1,
    "acclimation_method": "direct_introduction",
    "drip_acclimate": false,
    "sensitive_to_chemicals": true,
    "chemical_sensitivities": ["pesticides", "chlorine", "ammonia", "heavy_metals"],
    "molting": true,
    "molt_frequency_days": 7,
    "molt_signs": [],
    "molt_vulnerability": false,
    "molt_vulnerability_hours": 0,
    "regeneration": false,
    "regenerates_parts": [],
    "venomous": false,
    "venom_potency": "none",
    "venom_delivery": "none",
    "venom_effects": [],
    "poisonous": false,
    "poison_potency": "none",
    "poison_notes": null,
    "dangerous_to_humans": false,
    "hp_max": 5,
    "hp_regeneration_per_hour": 1
  },

  "personality_ranges": {
    "boldness_min": 0.1,
    "boldness_max": 0.3,
    "boldness_default": 0.2,
    "aggression_min": 0.0,
    "aggression_max": 0.0,
    "aggression_default": 0.0,
    "activity_min": 0.6,
    "activity_max": 0.9,
    "activity_default": 0.75,
    "curiosity_min": 0.1,
    "curiosity_max": 0.3,
    "curiosity_default": 0.2
  },

  "compatibility": [
    {
      "target_species_id": "dendrobates_auratus",
      "target_species_name": "Green and Black Dart Frog",
      "interaction_type": "prey",
      "relationship_description": "Primary food source for dart frogs",
      "can_cohabitate": true,
      "cohabitation_risk": "none",
      "cohabitation_notes": "Essential prey item, population will self-sustain due to rapid reproduction",
      "is_predator": false,
      "is_prey": true,
      "prey_preference": "primary",
      "predation_rate": 0.9,
      "will_attack": false,
      "will_kill": false,
      "attack_triggers": [],
      "avoidance_distance_inches": 2,
      "competition_for": [],
      "aggression_level": "none",
      "symbiosis_type": null,
      "symbiosis_benefits_received": [],
      "symbiosis_benefits_provided": []
    },
    {
      "target_species_id": "dwarf_white_isopods",
      "target_species_name": "Dwarf White Isopods",
      "interaction_type": "neutral",
      "relationship_description": "Co-exists peacefully, fills complementary ecological niche",
      "can_cohabitate": true,
      "cohabitation_risk": "none",
      "cohabitation_notes": "Ideal pairing - springtails handle mold, isopods handle larger detritus. Work symbiotically.",
      "is_predator": false,
      "is_prey": false,
      "prey_preference": "none",
      "predation_rate": 0,
      "will_attack": false,
      "will_kill": false,
      "attack_triggers": [],
      "avoidance_distance_inches": 0,
      "competition_for": ["detritus"],
      "aggression_level": "none",
      "symbiosis_type": "commensal",
      "symbiosis_benefits_received": [],
      "symbiosis_benefits_provided": []
    },
    {
      "target_species_id": "mourning_gecko",
      "target_species_name": "Mourning Gecko",
      "interaction_type": "prey",
      "relationship_description": "Occasional prey item for mourning geckos",
      "can_cohabitate": true,
      "cohabitation_risk": "none",
      "cohabitation_notes": "Gecko will eat springtails opportunistically",
      "is_predator": false,
      "is_prey": true,
      "prey_preference": "low",
      "predation_rate": 0.3,
      "will_attack": false,
      "will_kill": false,
      "attack_triggers": [],
      "avoidance_distance_inches": 3,
      "competition_for": [],
      "aggression_level": "none",
      "symbiosis_type": null,
      "symbiosis_benefits_received": [],
      "symbiosis_benefits_provided": []
    }
  ],

  "aggression": {
    "aggression_baseline": "peaceful",
    "aggression_same_species": "none",
    "aggression_similar_species": "none",
    "aggression_dissimilar_species": "none",
    "triggers_aggression": [],
    "attack_damage": 0,
    "attack_speed": 0,
    "attack_range_inches": 0,
    "attack_method": null,
    "attack_description": null,
    "defense_method": ["flee", "jump"],
    "defense_description": "Uses furcula to spring away from threats - can jump several inches",
    "threat_display": false,
    "threat_display_description": null,
    "retreats_when_outmatched": true,
    "retreat_health_threshold": 1.0,
    "fights_to_death": false,
    "armor": 0
  },

  "communication": {
    "vocalizes": false,
    "vocalization_types": [],
    "vocalization_descriptions": {},
    "vocalization_volume": "silent",
    "call_frequency": null,
    "call_time": null,
    "call_triggers": [],
    "call_attracts": [],
    "visual_signals": [],
    "visual_signal_descriptions": {},
    "chemical_signals": true,
    "pheromone_types": ["aggregation"],
    "tactile_signals": ["antennae_contact"],
    "electric_signals": false
  },

  "special_abilities": {
    "abilities": [
      {
        "ability_id": "furcula_jump",
        "ability_name": "Spring Jump",
        "description": "Uses forked tail appendage (furcula) held under tension to rapidly spring away from danger",
        "range_inches": 3,
        "speed_ms": 10,
        "accuracy": 0.5,
        "cooldown_seconds": 1,
        "damage": 0,
        "effect": "escape"
      },
      {
        "ability_id": "mold_consumption",
        "ability_name": "Mold Control",
        "description": "Actively consumes mold and fungus, preventing harmful growth in enclosure",
        "effect": "reduces_mold_buildup"
      },
      {
        "ability_id": "surface_tension",
        "ability_name": "Water Surface Walking",
        "description": "Can walk on water surface due to hydrophobic cuticle, survives minor flooding",
        "effect": "survives_flooding"
      },
      {
        "ability_id": "parthenogenesis",
        "ability_name": "Asexual Reproduction",
        "description": "All females reproduce by cloning via Wolbachia bacteria symbiosis - no males needed",
        "effect": "rapid_population_growth"
      },
      {
        "ability_id": "mycorrhizal_transport",
        "ability_name": "Fungal Spore Carrier",
        "description": "Helps spread beneficial mycorrhizal fungi to plant roots as they move through soil",
        "effect": "plant_health_bonus"
      }
    ],
    "unique_behaviors": ["mass_jumping_when_disturbed", "aggregation_pheromones", "floating_on_water"],
    "camouflage": false,
    "camouflage_type": null,
    "camouflage_effectiveness": 0,
    "mimicry": false,
    "mimics_what": null,
    "bioluminescent": false,
    "bioluminescence_color": null,
    "fluorescent": false,
    "fluorescent_under_uv": false,
    "color_change": false,
    "color_change_triggers": [],
    "autotomy": false,
    "autotomy_part": null,
    "escape_artist": false,
    "escape_methods": []
  },

  "animations": {
    "animation_rig_type": "invertebrate_multi_leg",
    "animations_idle": ["antennae_wave", "grooming"],
    "animations_locomotion": ["crawl", "jump_spring"],
    "animations_feeding": ["mouthparts_working", "substrate_grazing"],
    "animations_hunting": [],
    "animations_social": ["aggregation_cluster"],
    "animations_combat": [],
    "animations_stress": ["mass_jumping", "surface_clustering", "water_floating"],
    "animations_rest": ["still", "tucked"],
    "animations_reproduction": ["egg_laying"],
    "animations_special": ["furcula_spring", "water_surface_walk"],
    "animations_death": ["curl", "still"],
    "animation_notes": "Rendered as particle system at distance, individual models when camera close. Furcula spring animation should be very fast.",
    "sound_effects": ["tiny_landing", "substrate_rustle"],
    "particle_effects": ["substrate_disturbance"]
  },

  "category_specific": {
    "invert_type": "arthropod",
    "molts": true,
    "molt_frequency_days": 7,
    "molt_vulnerability_hours": 1,
    "eats_own_molt": false,
    "exoskeleton": true,
    "needs_shells": false,
    "shell_fighting": false,
    "segments": 6,
    "legs": 6,
    "claws": false,
    "antennae": true,
    "limb_regeneration": false,
    "regeneration_molts": 0,
    "filter_feeder": false,
    "detritivore": true,
    "algae_eater": false,
    "algae_types_eaten": [],
    "cleanup_crew_rating": "excellent",
    "reef_safe_invert": false
  }
}
