{
  "meta": {
    "schema_version": "1.0",
    "created": "2026-02-03",
    "updated": "2026-02-03",
    "author": "Claude",
    "status": "complete"
  },

  "identity": {
    "id": "zebra_isopods",
    "common_name": "Zebra Isopods",
    "scientific_name": "Armadillidium maculatum",
    "family": "Armadillidiidae",
    "category": "invertebrate",
    "subcategory": "cleanup_crew",
    "tier_unlock": 2,
    "difficulty": "easy",
    "price": 30,
    "rarity": "common",
    "description": "Medium-sized pillbug with striking black and white zebra-like stripes. One of the first isopod species kept as pets for aesthetics. Can roll into a ball when threatened. Active and easy to handle.",
    "real_world_notes": "Native to Southern France and the Mediterranean. Species name 'maculatum' means 'spotted' in Latin - the natural wild-type is actually spotted, not striped. The zebra pattern comes from connected spots. OG of the isopod hobby. Known to munch on live plants. Can tolerate dryness better than most isopods but needs moist area to rehydrate.",
    "warnings": ["may_eat_live_plants"]
  },

  "physical": {
    "size_adult_inches": 0.7,
    "size_juvenile_inches": 0.15,
    "size_min_inches": 0.5,
    "size_max_inches": 0.75,
    "growth_rate": "medium",
    "time_to_maturity_days": 240,
    "lifespan_years_min": 1.0,
    "lifespan_years_max": 2.0,
    "weight_grams": 0.2,
    "body_shape": "round",
    "body_description": "Medium-sized pill bug with domed carapace capable of conglobation (rolling into ball). Seven segments visible from above.",
    "colors_primary": ["black", "white"],
    "colors_secondary": [],
    "pattern": "striped",
    "pattern_description": "Distinctive black and white zebra stripes. Wild-type is spotted - stripes form when spots connect.",
    "sexual_dimorphism": true,
    "dimorphism_details": "Females typically larger with curved mid-line along back. Males have straighter mid-line and longer antennae.",
    "morphs": ["yellow_zebra", "chocolate", "wild_type_spotted"],
    "morph_details": {
      "yellow_zebra": "Yellow and black striped variant",
      "chocolate": "Brown/chocolate coloration",
      "wild_type_spotted": "Original spotted pattern instead of stripes"
    }
  },

  "environment": {
    "environment_type": ["terrestrial"],
    "biome": "mediterranean",
    "origin": "Southern France, Mediterranean",
    "min_enclosure_gallons": 5,
    "min_enclosure_tier": 2,
    "floor_space_sqft": 0.1,
    "height_requirement": "none",
    "vertical_space_needed": false,
    "substrate_type": ["soil", "coconut_fiber", "leaf_litter", "peat_moss"],
    "substrate_depth_inches": 3,
    "water_feature_required": false,
    "water_feature_type": "none",
    "water_depth_inches": 0,
    "humidity_range_min": 40,
    "humidity_range_max": 80,
    "humidity_ideal": 60,
    "humidity_fatal_low": 20,
    "temperature_range_min_f": 65,
    "temperature_range_max_f": 85,
    "temperature_ideal_f": 77,
    "temperature_fatal_low_f": 40,
    "temperature_fatal_high_f": 95,
    "temperature_basking_f": null,
    "light_level": "low",
    "light_hours": 10,
    "uvb_required": false,
    "uvb_strength": 0,
    "air_flow": "high",
    "hides_required": 2,
    "climbing_surfaces": true,
    "plants_required": false,
    "plant_density": "none",
    "leaf_litter_required": true,
    "branches_required": false,
    "special_requirements": ["cork_bark", "calcium_source", "moisture_gradient", "high_ventilation"]
  },

  "water_parameters": {
    "water_type": "none",
    "salinity_min": null,
    "salinity_max": null,
    "salinity_ideal": null,
    "ph_min": null,
    "ph_max": null,
    "ph_ideal": null,
    "ammonia_tolerance": null,
    "nitrite_tolerance": null,
    "nitrate_max": null,
    "gh_min": null,
    "gh_max": null,
    "gh_ideal": null,
    "kh_min": null,
    "kh_max": null,
    "kh_ideal": null,
    "temperature_water_min_f": null,
    "temperature_water_max_f": null,
    "temperature_water_ideal_f": null,
    "flow_preference": "none",
    "oxygen_requirement": "low",
    "depth_preference": null,
    "calcium_min": null,
    "calcium_max": null,
    "calcium_ideal": null,
    "alkalinity_min": null,
    "alkalinity_max": null,
    "alkalinity_ideal": null,
    "magnesium_min": null,
    "magnesium_max": null
  },

  "diet": {
    "diet_type": "detritivore",
    "diet_description": "Feeds on decomposing wood, leaf litter, decaying organic matter. Known to also eat live plants including moss and soft-leaved plants.",
    "food_items_primary": ["decaying_leaves", "rotting_wood", "leaf_litter", "detritus"],
    "food_items_secondary": ["vegetables", "fish_flakes", "dried_shrimp", "algae", "fungi"],
    "food_items_treats": ["carrots", "squash", "mushrooms"],
    "food_items_toxic": [],
    "food_size_max_inches": 0.3,
    "food_size_ratio": 0.5,
    "feeding_method": "grazer",
    "feeding_location": "ground",
    "feeding_time": "nocturnal",
    "meals_per_day": 0,
    "food_amount_description": "Continuous grazing on leaf litter. Supplement with protein 1-2 times weekly. Place protein on dry side.",
    "fasting_tolerance_days": 14,
    "starvation_days": 30,
    "hunger_rate_per_hour": 0.5,
    "satiation_threshold": 100,
    "requires_live_food": false,
    "accepts_frozen": false,
    "accepts_prepared": true,
    "gut_loading_beneficial": true,
    "supplements_required": ["calcium"],
    "supplement_frequency": "always_available",
    "hunting_style": "none",
    "hunting_success_rate": 0,
    "stalking_distance_inches": 0,
    "strike_distance_inches": 0,
    "strike_method": null,
    "strike_speed_ms": 0,
    "prey_detection_range_inches": 1,
    "prey_detection_method": ["chemoreception"],
    "will_eat_dead": true,
    "will_eat_own_species": true,
    "will_eat_eggs": false,
    "will_eat_young": false
  },

  "social": {
    "social_type": "colony",
    "social_description": "Lives in groups. Becomes more visible and active as colony size increases.",
    "min_group_size": 10,
    "max_group_size": 2000,
    "ideal_group_size": 50,
    "sex_ratio": "1m:1f",
    "sex_ratio_flexible": true,
    "hierarchy_type": "none",
    "hierarchy_description": null,
    "can_house_same_sex": true,
    "same_sex_aggression": "none",
    "male_male_aggression": "none",
    "female_female_aggression": "none",
    "territorial": false,
    "territory_size_sqft": 0,
    "territory_type": "none",
    "territory_markers": [],
    "defends_territory_against": [],
    "territory_overlap_tolerance": 1.0,
    "schooling_behavior": false,
    "schooling_tightness": "none",
    "shoaling_minimum": null,
    "prefers_conspecifics": true,
    "stress_when_alone": false,
    "stress_when_crowded": false,
    "crowding_threshold": 2000,
    "recognition_individual": false,
    "pair_bonding": false,
    "pair_bond_duration": null,
    "mourns_mate_death": false,
    "mourning_duration_days": 0,
    "alloparenting": false
  },

  "reproduction": {
    "reproduction_type": "live_bearer",
    "sexual_maturity_days": 180,
    "breeding_difficulty": "easy",
    "breeding_frequency": "seasonal",
    "breeding_season": "summer",
    "breeding_triggers": ["warmth", "adequate_moisture"],
    "breeding_trigger_details": "Breeds readily when requirements met. Warmer temperatures (75-82F) increase breeding rate. Mating usually occurs in evening or night.",
    "courtship_behavior": false,
    "courtship_description": null,
    "courtship_duration_hours": 0,
    "courtship_initiator": null,
    "mating_display": false,
    "mating_display_description": null,
    "mating_aggression": "none",
    "clutch_size_min": 15,
    "clutch_size_max": 40,
    "clutch_size_average": 25,
    "clutches_per_year": 3,
    "egg_location": "marsupium",
    "egg_description": "Eggs held in marsupium (brood pouch) ventrally. Juveniles released from pouch after hatching.",
    "egg_incubation_days": 28,
    "egg_incubation_temp_f": 77,
    "egg_care": "female",
    "egg_guarding": false,
    "larvae_stage": false,
    "larvae_type": "manca",
    "larvae_duration_days": 0,
    "larvae_care": "none",
    "larvae_transport": false,
    "larvae_transport_description": null,
    "larvae_food": [],
    "larvae_cannibalistic": false,
    "metamorphosis": false,
    "metamorphosis_days": 0,
    "live_birth": true,
    "gestation_days": 28,
    "parental_care_type": "marsupium_brooding",
    "parental_care_duration_days": 28,
    "offspring_survival_rate": 0.75,
    "will_breed_in_captivity": true
  },

  "behavior": {
    "activity_pattern": "nocturnal",
    "active_hours_start": 18,
    "active_hours_end": 6,
    "activity_level": "moderate",
    "activity_description": "Fairly active exploring species. Hidden in smaller colonies but visible as numbers increase. Gentle and slow-moving, easy to handle.",
    "movement_style": "crawl",
    "movement_styles_all": ["crawl"],
    "movement_speed_slow": 0.01,
    "movement_speed_normal": 0.05,
    "movement_speed_fast": 0.15,
    "can_climb": true,
    "climb_surfaces": ["bark", "wood", "plants", "cork"],
    "can_swim": false,
    "swim_ability": "none",
    "can_jump": false,
    "jump_height_inches": 0,
    "jump_distance_inches": 0,
    "can_burrow": true,
    "burrow_depth_inches": 3,
    "can_fly": false,
    "can_glide": false,
    "arboreal": false,
    "terrestrial": true,
    "aquatic": false,
    "fossorial": false,
    "preferred_zone": "ground",
    "zone_usage": {"underground": 30, "ground": 60, "low": 10},
    "time_in_water_percent": 0,
    "basking_behavior": false,
    "basking_duration_hours": 0,
    "hiding_behavior": "frequent",
    "time_hidden_percent": 60,
    "hide_triggers": ["daylight", "disturbance", "small_colony_size"],
    "preferred_hides": ["cork_bark", "leaf_litter", "rotting_wood", "stones"],
    "sleep_location": "ground",
    "sleep_position": "under_cover",
    "sleep_duration_hours": 12,
    "exploration_tendency": "medium",
    "curiosity_level": "medium",
    "investigates_new_objects": true,
    "boldness_baseline": "moderate",
    "intelligence_level": "instinct_only",
    "can_learn": false,
    "learning_examples": [],
    "recognizes_keeper": false,
    "trainable": false,
    "plays": false
  },

  "stress": {
    "stress_baseline": 10,
    "stress_threshold_low": 30,
    "stress_threshold_high": 60,
    "stress_fatal_threshold": 90,
    "stress_recovery_rate": 4.0,
    "stress_indicators_visual": ["staying_rolled_up", "pale_coloration", "reduced_activity"],
    "stress_indicators_behavioral": ["constant_hiding", "not_eating"],
    "stress_sources": {
      "low_humidity": {"threshold": 30, "stress_per_hour": 6},
      "high_temperature": {"threshold": 90, "stress_per_hour": 10},
      "low_temperature": {"threshold": 55, "stress_per_hour": 5},
      "no_food_7d": {"stress_per_hour": 3},
      "no_calcium": {"stress_per_hour": 2},
      "no_moist_retreat": {"stress_per_hour": 8},
      "poor_ventilation": {"stress_per_hour": 5},
      "mold_growth": {"stress_per_hour": 4}
    },
    "hardiness": "hardy",
    "disease_susceptibility": "low",
    "common_diseases": ["mold_infection"],
    "disease_symptoms": {"mold_infection": ["fuzzy_growth", "lethargy"]},
    "quarantine_recommended": false,
    "quarantine_duration_days": 0,
    "acclimation_time_hours": 1,
    "acclimation_method": "direct_introduction",
    "drip_acclimate": false,
    "sensitive_to_chemicals": true,
    "chemical_sensitivities": ["pesticides", "copper"],
    "molting": true,
    "molt_frequency_days": 21,
    "molt_signs": ["pale_color", "reduced_activity"],
    "molt_vulnerability": true,
    "molt_vulnerability_hours": 12,
    "regeneration": true,
    "regenerates_parts": ["legs", "antennae"],
    "venomous": false,
    "venom_potency": "none",
    "venom_delivery": "none",
    "venom_effects": [],
    "poisonous": false,
    "poison_potency": "none",
    "poison_notes": null,
    "dangerous_to_humans": false,
    "hp_max": 20,
    "hp_regeneration_per_hour": 1
  },

  "personality_ranges": {
    "boldness_min": 0.3,
    "boldness_max": 0.6,
    "boldness_default": 0.45,
    "aggression_min": 0.0,
    "aggression_max": 0.1,
    "aggression_default": 0.05,
    "activity_min": 0.3,
    "activity_max": 0.6,
    "activity_default": 0.45,
    "curiosity_min": 0.3,
    "curiosity_max": 0.6,
    "curiosity_default": 0.45
  },

  "compatibility": [
    {
      "target_species_id": "springtails",
      "target_species_name": "Springtails",
      "interaction_type": "neutral",
      "relationship_description": "Complementary cleanup crew",
      "can_cohabitate": true,
      "cohabitation_risk": "none",
      "cohabitation_notes": "Good pairing for bioactive setups",
      "is_predator": false,
      "is_prey": false,
      "prey_preference": "none",
      "predation_rate": 0,
      "will_attack": false,
      "will_kill": false,
      "attack_triggers": [],
      "avoidance_distance_inches": 0,
      "competition_for": ["detritus"],
      "aggression_level": "none",
      "symbiosis_type": "commensal",
      "symbiosis_benefits_received": [],
      "symbiosis_benefits_provided": []
    },
    {
      "target_species_id": "crested_gecko",
      "target_species_name": "Crested Gecko",
      "interaction_type": "prey",
      "relationship_description": "Prey item for larger reptiles",
      "can_cohabitate": true,
      "cohabitation_risk": "low",
      "cohabitation_notes": "Can serve as cleanup crew and occasional snack. Isopods may eat live plants in enclosure.",
      "is_predator": false,
      "is_prey": true,
      "prey_preference": "low",
      "predation_rate": 0.3,
      "will_attack": false,
      "will_kill": false,
      "attack_triggers": [],
      "avoidance_distance_inches": 5,
      "competition_for": [],
      "aggression_level": "none",
      "symbiosis_type": null,
      "symbiosis_benefits_received": [],
      "symbiosis_benefits_provided": ["waste_cleanup"]
    },
    {
      "target_species_id": "live_plants",
      "target_species_name": "Live Plants",
      "interaction_type": "predator",
      "relationship_description": "May damage live plants",
      "can_cohabitate": true,
      "cohabitation_risk": "medium",
      "cohabitation_notes": "Known to munch on moss and soft-leaved plants. Not ideal for planted terrariums.",
      "is_predator": true,
      "is_prey": false,
      "prey_preference": "low",
      "predation_rate": 0.2,
      "will_attack": true,
      "will_kill": false,
      "attack_triggers": ["hunger"],
      "avoidance_distance_inches": 0,
      "competition_for": [],
      "aggression_level": "low",
      "symbiosis_type": null,
      "symbiosis_benefits_received": [],
      "symbiosis_benefits_provided": []
    }
  ],

  "aggression": {
    "aggression_baseline": "peaceful",
    "aggression_same_species": "none",
    "aggression_similar_species": "none",
    "aggression_dissimilar_species": "none",
    "triggers_aggression": [],
    "attack_damage": 0,
    "attack_speed": 0,
    "attack_range_inches": 0,
    "attack_method": null,
    "attack_description": null,
    "defense_method": ["curl"],
    "defense_description": "Rolls into tight ball (conglobation) when threatened - classic pill bug behavior",
    "threat_display": false,
    "threat_display_description": null,
    "retreats_when_outmatched": true,
    "retreat_health_threshold": 0.9,
    "fights_to_death": false,
    "armor": 0.3
  },

  "communication": {
    "vocalizes": false,
    "vocalization_types": [],
    "vocalization_descriptions": {},
    "vocalization_volume": "silent",
    "call_frequency": null,
    "call_time": null,
    "call_triggers": [],
    "call_attracts": [],
    "visual_signals": [],
    "visual_signal_descriptions": {},
    "chemical_signals": true,
    "pheromone_types": ["aggregation"],
    "tactile_signals": ["antennae_contact"],
    "electric_signals": false
  },

  "special_abilities": {
    "abilities": [
      {
        "ability_id": "conglobation",
        "ability_name": "Ball Defense",
        "description": "Can roll into tight protective ball when threatened - classic pill bug defense",
        "effect": "defense_boost"
      },
      {
        "ability_id": "drought_tolerance",
        "ability_name": "Drought Tolerance",
        "description": "Can tolerate drier conditions than most isopods, though still needs moist retreat",
        "effect": "survives_low_humidity"
      },
      {
        "ability_id": "detritus_processing",
        "ability_name": "Decomposer",
        "description": "Breaks down organic matter and aerates substrate",
        "effect": "reduces_waste_buildup"
      },
      {
        "ability_id": "limb_regeneration",
        "ability_name": "Limb Regeneration",
        "description": "Can regrow lost legs and antennae over successive molts",
        "effect": "recovers_from_injury"
      }
    ],
    "unique_behaviors": ["rolling_defense", "plant_munching", "dryness_tolerance"],
    "camouflage": false,
    "camouflage_type": null,
    "camouflage_effectiveness": 0,
    "mimicry": false,
    "mimics_what": null,
    "bioluminescent": false,
    "bioluminescence_color": null,
    "fluorescent": false,
    "fluorescent_under_uv": false,
    "color_change": false,
    "color_change_triggers": [],
    "autotomy": false,
    "autotomy_part": null,
    "escape_artist": false,
    "escape_methods": []
  },

  "animations": {
    "animation_rig_type": "invertebrate_multi_leg",
    "animations_idle": ["antennae_wave", "grooming", "standing"],
    "animations_locomotion": ["crawl_slow", "crawl_medium"],
    "animations_feeding": ["mouthparts_working", "leaf_grazing"],
    "animations_hunting": [],
    "animations_social": ["aggregation_cluster", "antennae_touch"],
    "animations_combat": [],
    "animations_stress": ["roll_into_ball", "remain_curled"],
    "animations_rest": ["still", "tucked_under_cover"],
    "animations_reproduction": ["mating", "carrying_young_in_marsupium"],
    "animations_special": ["conglobation", "unrolling", "molting"],
    "animations_death": ["curl", "still"],
    "animation_notes": "Distinctive rolling animation (conglobation) is signature behavior. Stripes should be visible. Slower than Powder Blue but very handleable.",
    "sound_effects": ["scuttle", "leaf_rustle"],
    "particle_effects": ["substrate_disturbance"]
  },

  "category_specific": {
    "invert_type": "crustacean",
    "molts": true,
    "molt_frequency_days": 21,
    "molt_vulnerability_hours": 12,
    "eats_own_molt": true,
    "exoskeleton": true,
    "needs_shells": false,
    "shell_fighting": false,
    "segments": 7,
    "legs": 14,
    "claws": false,
    "antennae": true,
    "limb_regeneration": true,
    "regeneration_molts": 2,
    "filter_feeder": false,
    "detritivore": true,
    "algae_eater": false,
    "algae_types_eaten": [],
    "cleanup_crew_rating": "good",
    "reef_safe_invert": false
  }
}
